cod_ibge,municipio,populacao,ano_populacao,censo2022,idhm,idhm_renda,idhm_longevidade,idhm_educacao,ano_idhm
3500105,Adamantina,35701,2026,34687,0.79,0.772,0.852,0.75,2010
3500204,Adolfo,4529,2026,4351,0.73,0.71,0.844,0.648,2010
3500303,Aguaí,32884,2026,32072,0.715,0.703,0.858,0.606,2010
3500402,Águas da Prata,7457,2026,7369,0.781,0.75,0.886,0.716,2010
3500501,Águas de Lindóia,18277,2026,17930,0.745,0.725,0.846,0.675,2010
3500550,Águas de Santa Bárbara,7508,2026,7177,0.757,0.744,0.84,0.695,2010
3500600,Águas de São Pedro,2933,2026,2780,0.854,0.849,0.89,0.825,2010
3500709,Agudos,39084,2026,37680,0.745,0.705,0.845,0.694,2010
3500758,Alambari,6411,2026,6141,0.712,0.682,0.805,0.658,2010
3500808,Alfredo Marcondes,4591,2026,4445,0.741,0.682,0.84,0.71,2010
3500907,Altair,3456,2026,3451,0.687,0.698,0.8,0.581,2010
3501004,Altinópolis,17234,2026,16818,0.73,0.726,0.843,0.635,2010
3501103,Alto Alegre,3866,2026,3841,0.7,0.683,0.817,0.616,2010
3501152,Alumínio,17621,2026,17301,0.766,0.729,0.841,0.732,2010
3501202,Álvares Florence,3980,2026,3915,0.728,0.701,0.806,0.683,2010
3501301,Álvares Machado,28508,2026,27255,0.758,0.712,0.834,0.732,2010
3501400,Álvaro de Carvalho,4906,2026,4808,0.688,0.669,0.805,0.605,2010
3501509,Alvinlândia,2915,2026,2885,0.722,0.721,0.791,0.659,2010
3501608,Americana,248392,2026,237240,0.811,0.8,0.876,0.76,2010
3501707,Américo Brasiliense,33663,2026,33019,0.751,0.709,0.852,0.701,2010
3501806,Américo de Campos,5986,2026,5870,0.745,0.715,0.817,0.708,2010
3501905,Amparo,69859,2026,68008,0.785,0.78,0.871,0.711,2010
3502002,Analândia,4703,2026,4589,0.754,0.745,0.861,0.668,2010
3502101,Andradina,61761,2026,59783,0.779,0.762,0.885,0.702,2010
3502200,Angatuba,24628,2026,24022,0.719,0.693,0.827,0.648,2010
3502309,Anhembi,5767,2026,5674,0.721,0.681,0.863,0.637,2010
3502408,Anhumas,4126,2026,4023,0.741,0.683,0.845,0.706,2010
3502507,Aparecida,33067,2026,32569,0.755,0.735,0.828,0.706,2010
3502606,Aparecida d'Oeste,4101,2026,4086,0.721,0.697,0.804,0.67,2010
3502705,Apiaí,24831,2026,24585,0.71,0.662,0.835,0.647,2010
3502754,Araçariguama,22448,2026,21522,0.704,0.717,0.814,0.597,2010
3502804,Araçatuba,208987,2026,200124,0.788,0.782,0.841,0.744,2010
3502903,Araçoiaba da Serra,33989,2026,32443,0.776,0.751,0.86,0.723,2010
3503000,Aramina,5543,2026,5420,0.74,0.723,0.856,0.656,2010
3503109,Arandu,7099,2026,6885,0.685,0.675,0.806,0.592,2010
3503158,Arapeí,2350,2026,2330,0.68,0.634,0.812,0.612,2010
3503208,Araraquara,254508,2026,242228,0.815,0.788,0.877,0.782,2010
3503307,Araras,136113,2026,130866,0.781,0.763,0.859,0.728,2010
3503356,Arco-Íris,2092,2026,2044,0.722,0.671,0.809,0.694,2010
3503406,Arealva,8299,2026,8130,0.744,0.718,0.84,0.683,2010
3503505,Areias,3614,2026,3577,0.697,0.627,0.803,0.672,2010
3503604,Areiópolis,10229,2026,10130,0.695,0.686,0.823,0.594,2010
3503703,Ariranha,7592,2026,7602,0.733,0.73,0.813,0.663,2010
3503802,Artur Nogueira,53686,2026,51456,0.749,0.745,0.827,0.681,2010
3503901,Arujá,90644,2026,86678,0.784,0.761,0.866,0.73,2010
3503950,Aspásia,1876,2026,1842,0.735,0.699,0.864,0.657,2010
3504008,Assis,105051,2026,101409,0.805,0.771,0.865,0.781,2010
3504107,Atibaia,168162,2026,158647,0.765,0.786,0.851,0.67,2010
3504206,Auriflama,13841,2026,13692,0.773,0.746,0.84,0.738,2010
3504305,Avaí,4489,2026,4483,0.714,0.674,0.83,0.65,2010
3504404,Avanhandava,11435,2026,11263,0.705,0.688,0.817,0.623,2010
3504503,Avaré,96764,2026,92805,0.767,0.751,0.866,0.695,2010
3504602,Bady Bassitt,29738,2026,27260,0.746,0.737,0.805,0.701,2010
3504701,Balbinos,3975,2026,3887,0.669,0.69,0.809,0.537,2010
3504800,Bálsamo,9946,2026,9596,0.756,0.746,0.835,0.695,2010
3504909,Bananal,10089,2026,9969,0.733,0.693,0.872,0.653,2010
3505005,Barão de Antonina,3644,2026,3531,0.711,0.676,0.82,0.649,2010
3505104,Barbosa,5598,2026,5640,0.699,0.676,0.843,0.599,2010
3505203,Bariri,32406,2026,31595,0.75,0.736,0.867,0.662,2010
3505302,Barra Bonita,35102,2026,34346,0.788,0.762,0.869,0.739,2010
3505351,Barra do Chapéu,5252,2026,5179,0.66,0.617,0.779,0.599,2010
3505401,Barra do Turvo,6868,2026,6876,0.641,0.625,0.792,0.532,2010
3505500,Barretos,127276,2026,122485,0.789,0.762,0.875,0.738,2010
3505609,Barrinha,33414,2026,32092,0.725,0.711,0.829,0.646,2010
3505708,Barueri,336015,2026,316473,0.786,0.791,0.866,0.708,2010
3505807,Bastos,21968,2026,21503,0.751,0.696,0.848,0.718,2010
3505906,Batatais,59999,2026,58402,0.761,0.766,0.84,0.685,2010
3506003,Bauru,394028,2026,379146,0.801,0.8,0.854,0.752,2010
3506102,Bebedouro,78298,2026,76373,0.78,0.756,0.853,0.735,2010
3506201,Bento de Abreu,2638,2026,2606,0.744,0.706,0.82,0.712,2010
3506300,Bernardino de Campos,11906,2026,11607,0.734,0.713,0.838,0.662,2010
3506359,Bertioga,67941,2026,64188,0.73,0.727,0.817,0.654,2010
3506409,Bilac,7473,2026,7319,0.768,0.743,0.845,0.722,2010
3506508,Birigui,123655,2026,118979,0.78,0.743,0.869,0.734,2010
3506607,Biritiba Mirim,30599,2026,29683,0.712,0.71,0.795,0.64,2010
3506706,Boa Esperança do Sul,13093,2026,12978,0.681,0.692,0.811,0.562,2010
3506805,Bocaina,11492,2026,11259,0.742,0.741,0.84,0.656,2010
3506904,Bofete,10735,2026,10460,0.705,0.7,0.821,0.609,2010
3507001,Boituva,64240,2026,61081,0.78,0.757,0.861,0.728,2010
3507100,Bom Jesus dos Perdões,22648,2026,22006,0.713,0.716,0.802,0.631,2010
3507159,Bom Sucesso de Itararé,3609,2026,3555,0.66,0.605,0.775,0.613,2010
3507209,Borá,935,2026,907,0.746,0.712,0.863,0.675,2010
3507308,Boracéia,4852,2026,4715,0.754,0.723,0.866,0.685,2010
3507407,Borborema,14396,2026,14226,0.73,0.71,0.831,0.658,2010
3507456,Borebi,2814,2026,2713,0.705,0.674,0.846,0.615,2010
3507506,Botucatu,151600,2026,145155,0.8,0.79,0.869,0.746,2010
3507605,Bragança Paulista,186631,2026,176811,0.776,0.772,0.861,0.704,2010
3507704,Braúna,5487,2026,5356,0.737,0.725,0.83,0.664,2010
3507753,Brejo Alegre,2605,2026,2565,0.71,0.702,0.826,0.618,2010
3507803,Brodowski,26446,2026,25201,0.755,0.738,0.864,0.675,2010
3507902,Brotas,24571,2026,23898,0.74,0.724,0.815,0.688,2010
3508009,Buri,20783,2026,20250,0.667,0.642,0.799,0.578,2010
3508108,Buritama,17712,2026,17210,0.763,0.736,0.839,0.72,2010
3508207,Buritizal,4467,2026,4356,0.735,0.743,0.83,0.643,2010
3508306,Cabrália Paulista,4358,2026,4299,0.694,0.667,0.811,0.619,2010
3508405,Cabreúva,48815,2026,47011,0.738,0.717,0.828,0.678,2010
3508504,Caçapava,100422,2026,96202,0.788,0.754,0.858,0.755,2010
3508603,Cachoeira Paulista,32579,2026,31564,0.764,0.733,0.837,0.728,2010
3508702,Caconde,17192,2026,17101,0.72,0.701,0.858,0.62,2010
3508801,Cafelândia,16908,2026,16654,0.742,0.714,0.867,0.661,2010
3508900,Caiabu,3715,2026,3712,0.729,0.682,0.823,0.691,2010
3509007,Caieiras,98810,2026,95032,0.781,0.74,0.861,0.749,2010
3509106,Caiuá,5612,2026,5466,0.697,0.665,0.802,0.635,2010
3509205,Cajamar,99249,2026,92689,0.728,0.713,0.81,0.668,2010
3509254,Cajati,29267,2026,28515,0.694,0.658,0.832,0.611,2010
3509304,Cajobi,9191,2026,9133,0.734,0.714,0.822,0.674,2010
3509403,Cajuru,24247,2026,23830,0.713,0.693,0.825,0.633,2010
3509452,Campina do Monte Alegre,6101,2026,5954,0.717,0.687,0.846,0.634,2010
3509502,Campinas,1189761,2026,1139047,0.805,0.829,0.86,0.731,2010
3509601,Campo Limpo Paulista,79890,2026,77632,0.769,0.733,0.84,0.739,2010
3509700,Campos do Jordão,47932,2026,46974,0.749,0.761,0.852,0.648,2010
3509809,Campos Novos Paulista,5013,2026,4888,0.706,0.67,0.824,0.638,2010
3509908,Cananéia,12493,2026,12289,0.72,0.677,0.851,0.649,2010
3509957,Canas,5084,2026,4931,0.704,0.646,0.797,0.677,2010
3510005,Cândido Mota,30144,2026,29449,0.747,0.701,0.845,0.704,2010
3510104,Cândido Rodrigues,2966,2026,2889,0.789,0.747,0.863,0.762,2010
3510153,Canitar,6647,2026,6283,0.68,0.658,0.791,0.605,2010
3510203,Capão Bonito,47415,2026,46337,0.721,0.675,0.826,0.671,2010
3510302,Capela do Alto,23939,2026,22866,0.699,0.673,0.823,0.617,2010
3510401,Capivari,51415,2026,50068,0.75,0.744,0.848,0.669,2010
3510500,Caraguatatuba,143291,2026,134873,0.759,0.735,0.845,0.705,2010
3510609,Carapicuíba,398772,2026,386984,0.749,0.721,0.842,0.693,2010
3510708,Cardoso,11462,2026,11345,0.722,0.695,0.853,0.636,2010
3510807,Casa Branca,28773,2026,28083,0.73,0.727,0.835,0.64,2010
3510906,Cássia dos Coqueiros,2866,2026,2799,0.734,0.68,0.864,0.673,2010
3511003,Castilho,20545,2026,19977,0.731,0.688,0.827,0.686,2010
3511102,Catanduva,119368,2026,115791,0.785,0.767,0.853,0.74,2010
3511201,Catiguá,7097,2026,7003,0.751,0.734,0.852,0.676,2010
3511300,Cedral,13454,2026,12618,0.766,0.749,0.872,0.689,2010
3511409,Cerqueira César,22329,2026,21469,0.729,0.71,0.821,0.666,2010
3511508,Cerquilho,46547,2026,44695,0.782,0.758,0.854,0.739,2010
3511607,Cesário Lange,19813,2026,19048,0.706,0.715,0.804,0.611,2010
3511706,Charqueada,15827,2026,15535,0.736,0.72,0.82,0.675,2010
3511904,Clementina,7082,2026,6982,0.725,0.704,0.821,0.66,2010
3512001,Colina,18914,2026,18486,0.757,0.72,0.845,0.712,2010
3512100,Colômbia,6822,2026,6629,0.71,0.689,0.802,0.647,2010
3512209,Conchal,29220,2026,28101,0.708,0.699,0.827,0.614,2010
3512308,Conchas,15314,2026,15232,0.736,0.725,0.837,0.658,2010
3512407,Cordeirópolis,25390,2026,24514,0.758,0.754,0.858,0.674,2010
3512506,Coroados,5509,2026,5400,0.719,0.704,0.816,0.648,2010
3512605,Coronel Macedo,4249,2026,4280,0.69,0.653,0.811,0.619,2010
3512704,Corumbataí,4305,2026,4195,0.754,0.728,0.841,0.7,2010
3512803,Cosmópolis,61196,2026,59773,0.769,0.746,0.876,0.697,2010
3512902,Cosmorama,9064,2026,8719,0.722,0.705,0.849,0.63,2010
3513009,Cotia,291704,2026,274413,0.78,0.789,0.851,0.707,2010
3513108,Cravinhos,34356,2026,33281,0.756,0.737,0.857,0.683,2010
3513207,Cristais Paulista,9651,2026,9272,0.734,0.723,0.802,0.682,2010
3513306,Cruzália,2118,2026,2108,0.774,0.698,0.853,0.778,2010
3513405,Cruzeiro,76381,2026,74961,0.788,0.742,0.871,0.758,2010
3513504,Cubatão,114681,2026,112476,0.737,0.716,0.821,0.681,2010
3513603,Cunha,22467,2026,22110,0.684,0.672,0.826,0.576,2010
3513702,Descalvado,32685,2026,31756,0.76,0.74,0.865,0.687,2010
3513801,Diadema,403802,2026,393237,0.757,0.717,0.844,0.716,2010
3513850,Dirce Reis,1637,2026,1620,0.741,0.686,0.842,0.704,2010
3513900,Divinolândia,11296,2026,11158,0.734,0.72,0.85,0.645,2010
3514007,Dobrada,9011,2026,8759,0.718,0.691,0.818,0.655,2010
3514106,Dois Córregos,24839,2026,24510,0.725,0.725,0.853,0.616,2010
3514205,Dolcinópolis,2257,2026,2207,0.742,0.699,0.825,0.709,2010
3514304,Dourado,8154,2026,8096,0.738,0.718,0.811,0.689,2010
3514403,Dracena,46800,2026,45474,0.776,0.752,0.842,0.737,2010
3514502,Duartina,12534,2026,12328,0.748,0.716,0.837,0.698,2010
3514601,Dumont,9804,2026,9471,0.744,0.72,0.849,0.674,2010
3514700,Echaporã,6288,2026,6205,0.745,0.719,0.834,0.69,2010
3514809,Eldorado,13062,2026,13069,0.691,0.633,0.847,0.615,2010
3514908,Elias Fausto,18226,2026,17699,0.695,0.701,0.822,0.583,2010
3514924,Elisiário,3191,2026,3138,0.747,0.711,0.825,0.712,2010
3514957,Embaúba,2346,2026,2323,0.73,0.723,0.84,0.641,2010
3515004,Embu das Artes,260113,2026,250691,0.735,0.7,0.839,0.676,2010
3515103,Embu-Guaçu,69041,2026,66970,0.749,0.713,0.834,0.708,2010
3515129,Emilianópolis,3061,2026,3014,0.727,0.69,0.805,0.691,2010
3515152,Engenheiro Coelho,20377,2026,19566,0.732,0.72,0.815,0.668,2010
3515186,Espírito Santo do Pinhal,40547,2026,39816,0.787,0.784,0.872,0.712,2010
3515194,Espírito Santo do Turvo,4211,2026,4157,0.696,0.675,0.819,0.609,2010
3515202,Estrela d'Oeste,9733,2026,9417,0.76,0.712,0.873,0.705,2010
3515301,Estrela do Norte,2752,2026,2703,0.74,0.693,0.818,0.714,2010
3515350,Euclides da Cunha Paulista,7833,2026,7924,0.704,0.663,0.802,0.655,2010
3515400,Fartura,17069,2026,16641,0.732,0.699,0.867,0.648,2010
3515509,Fernandópolis,73706,2026,71186,0.797,0.767,0.872,0.758,2010
3515608,Fernando Prestes,6092,2026,5942,0.758,0.746,0.859,0.68,2010
3515657,Fernão,1695,2026,1656,0.703,0.668,0.843,0.617,2010
3515707,Ferraz de Vasconcelos,186816,2026,179198,0.738,0.691,0.828,0.703,2010
3515806,Flora Rica,1475,2026,1487,0.727,0.668,0.796,0.723,2010
3515905,Floreal,2739,2026,2733,0.747,0.71,0.808,0.726,2010
3516002,Flórida Paulista,13179,2026,12958,0.715,0.702,0.807,0.646,2010
3516101,Florínea,4053,2026,3851,0.713,0.678,0.82,0.652,2010
3516200,Franca,366534,2026,352536,0.78,0.749,0.842,0.753,2010
3516309,Francisco Morato,171806,2026,165139,0.703,0.659,0.815,0.647,2010
3516408,Franco da Rocha,150648,2026,144849,0.731,0.702,0.852,0.654,2010
3516507,Gabriel Monteiro,2815,2026,2763,0.763,0.721,0.809,0.762,2010
3516606,Gália,6394,2026,6380,0.709,0.684,0.823,0.634,2010
3516705,Garça,43051,2026,42110,0.769,0.737,0.849,0.728,2010
3516804,Gastão Vidigal,3175,2026,3252,0.723,0.727,0.817,0.635,2010
3516853,Gavião Peixoto,4815,2026,4702,0.719,0.687,0.802,0.676,2010
3516903,General Salgado,10426,2026,10312,0.747,0.734,0.808,0.702,2010
3517000,Getulina,10321,2026,10232,0.717,0.696,0.813,0.652,2010
3517109,Glicério,4145,2026,4138,0.735,0.735,0.858,0.63,2010
3517208,Guaiçara,11496,2026,11239,0.739,0.697,0.853,0.679,2010
3517307,Guaimbê,5611,2026,5512,0.728,0.675,0.83,0.689,2010
3517406,Guaíra,40547,2026,39279,0.753,0.759,0.824,0.683,2010
3517505,Guapiaçu,22562,2026,21711,0.725,0.728,0.866,0.605,2010
3517604,Guapiara,17197,2026,17071,0.675,0.634,0.806,0.602,2010
3517703,Guará,18711,2026,18606,0.718,0.71,0.826,0.63,2010
3517802,Guaraçaí,7423,2026,7441,0.719,0.699,0.803,0.663,2010
3517901,Guaraci,10566,2026,10350,0.737,0.698,0.84,0.682,2010
3518008,Guarani d'Oeste,1999,2026,1968,0.732,0.682,0.806,0.714,2010
3518107,Guarantã,6532,2026,6427,0.713,0.698,0.832,0.623,2010
3518206,Guararapes,31902,2026,31043,0.763,0.727,0.84,0.726,2010
3518305,Guararema,32785,2026,31236,0.731,0.729,0.817,0.656,2010
3518404,Guaratinguetá,122100,2026,118044,0.798,0.764,0.886,0.751,2010
3518503,Guareí,15299,2026,15013,0.687,0.692,0.805,0.583,2010
3518602,Guariba,38740,2026,37498,0.719,0.712,0.811,0.645,2010
3518701,Guarujá,294780,2026,287634,0.751,0.729,0.854,0.679,2010
3518800,Guarulhos,1351284,2026,1291771,0.763,0.746,0.831,0.717,2010
3518859,Guatapará,7485,2026,7320,0.743,0.724,0.822,0.688,2010
3518909,Guzolândia,4243,2026,4246,0.697,0.676,0.808,0.621,2010
3519006,Herculândia,9329,2026,9125,0.727,0.68,0.809,0.698,2010
3519055,Holambra,15832,2026,15094,0.793,0.815,0.878,0.698,2010
3519071,Hortolândia,250195,2026,236641,0.756,0.716,0.859,0.703,2010
3519105,Iacanga,10661,2026,10437,0.745,0.721,0.851,0.675,2010
3519204,Iacri,6189,2026,6131,0.733,0.701,0.857,0.655,2010
3519253,Iaras,8362,2026,8010,0.674,0.664,0.848,0.543,2010
3519303,Ibaté,33204,2026,32178,0.703,0.681,0.814,0.627,2010
3519402,Ibirá,11976,2026,11690,0.74,0.741,0.841,0.65,2010
3519501,Ibirarema,6439,2026,6385,0.708,0.692,0.817,0.628,2010
3519600,Ibitinga,62353,2026,60033,0.747,0.738,0.846,0.667,2010
3519709,Ibiúna,77936,2026,75605,0.71,0.7,0.832,0.614,2010
3519808,Icém,7992,2026,7819,0.72,0.716,0.806,0.646,2010
3519907,Iepê,7739,2026,7619,0.736,0.7,0.814,0.7,2010
3520004,Igaraçu do Tietê,23414,2026,23106,0.727,0.691,0.838,0.664,2010
3520103,Igarapava,26643,2026,26212,0.768,0.809,0.835,0.671,2010
3520202,Igaratá,11037,2026,10605,0.711,0.683,0.855,0.616,2010
3520301,Iguape,29900,2026,29115,0.726,0.691,0.847,0.653,2010
3520400,Ilhabela,36766,2026,34934,0.756,0.739,0.843,0.693,2010
3520426,Ilha Comprida,14237,2026,13419,0.725,0.696,0.823,0.666,2010
3520442,Ilha Solteira,26272,2026,25549,0.812,0.786,0.871,0.782,2010
3520509,Indaiatuba,271322,2026,255748,0.788,0.791,0.837,0.738,2010
3520608,Indiana,5208,2026,5090,0.761,0.714,0.843,0.733,2010
3520707,Indiaporã,4117,2026,4035,0.751,0.714,0.835,0.71,2010
3520806,Inúbia Paulista,3670,2026,3615,0.759,0.688,0.849,0.75,2010
3520905,Ipaussu,13936,2026,13712,0.727,0.713,0.828,0.65,2010
3521002,Iperó,38527,2026,36459,0.719,0.68,0.814,0.672,2010
3521101,Ipeúna,7051,2026,6831,0.753,0.737,0.845,0.685,2010
3521150,Ipiguá,7184,2026,6761,0.73,0.696,0.839,0.666,2010
3521200,Iporanga,4075,2026,4046,0.703,0.637,0.816,0.668,2010
3521309,Ipuã,14711,2026,14454,0.749,0.759,0.848,0.654,2010
3521408,Iracemápolis,22559,2026,21967,0.776,0.742,0.863,0.729,2010
3521507,Irapuã,6920,2026,6867,0.713,0.688,0.844,0.624,2010
3521606,Irapuru,7098,2026,7085,0.712,0.691,0.839,0.622,2010
3521705,Itaberá,18267,2026,17983,0.693,0.652,0.803,0.636,2010
3521804,Itaí,26023,2026,25180,0.713,0.692,0.83,0.63,2010
3521903,Itajobi,17576,2026,16989,0.73,0.727,0.832,0.644,2010
3522000,Itaju,3726,2026,3618,0.705,0.696,0.823,0.613,2010
3522109,Itanhaém,119274,2026,112476,0.745,0.716,0.823,0.701,2010
3522158,Itaoca,3503,2026,3422,0.68,0.627,0.787,0.637,2010
3522208,Itapecerica da Serra,163187,2026,158522,0.742,0.699,0.852,0.687,2010
3522307,Itapetininga,164687,2026,157790,0.763,0.728,0.864,0.705,2010
3522406,Itapeva,92454,2026,89728,0.732,0.702,0.803,0.697,2010
3522505,Itapevi,243967,2026,232297,0.735,0.687,0.855,0.677,2010
3522604,Itapira,74145,2026,72022,0.762,0.75,0.852,0.692,2010
3522653,Itapirapuã Paulista,4433,2026,4306,0.661,0.595,0.816,0.594,2010
3522703,Itápolis,40429,2026,39493,0.744,0.738,0.836,0.667,2010
3522802,Itaporanga,14231,2026,14085,0.719,0.681,0.835,0.653,2010
3522901,Itapuí,14080,2026,13659,0.725,0.716,0.841,0.633,2010
3523008,Itapura,3990,2026,3979,0.72,0.682,0.813,0.673,2010
3523107,Itaquaquecetuba,384436,2026,369275,0.714,0.665,0.844,0.648,2010
3523206,Itararé,45111,2026,44438,0.703,0.668,0.803,0.649,2010
3523305,Itariri,15917,2026,15528,0.677,0.642,0.837,0.577,2010
3523404,Itatiba,127729,2026,121590,0.778,0.788,0.844,0.708,2010
3523503,Itatinga,19493,2026,19070,0.706,0.685,0.841,0.61,2010
3523602,Itirapina,16473,2026,16148,0.724,0.734,0.813,0.636,2010
3523701,Itirapuã,5853,2026,5779,0.707,0.673,0.826,0.636,2010
3523800,Itobi,8242,2026,8046,0.717,0.697,0.82,0.646,2010
3523909,Itu,175483,2026,168240,0.773,0.782,0.854,0.692,2010
3524006,Itupeva,75776,2026,70616,0.762,0.75,0.844,0.699,2010
3524105,Ituverava,38379,2026,37571,0.765,0.768,0.841,0.694,2010
3524204,Jaborandi,6269,2026,6221,0.711,0.679,0.845,0.627,2010
3524303,Jaboticabal,73479,2026,71821,0.778,0.778,0.851,0.71,2010
3524402,Jacareí,251848,2026,240275,0.777,0.749,0.837,0.749,2010
3524501,Jaci,8003,2026,7613,0.723,0.7,0.818,0.659,2010
3524600,Jacupiranga,16183,2026,16097,0.717,0.687,0.832,0.644,2010
3524709,Jaguariúna,62764,2026,59347,0.784,0.782,0.862,0.715,2010
3524808,Jales,50132,2026,48776,0.776,0.75,0.855,0.73,2010
3524907,Jambeiro,6642,2026,6397,0.756,0.727,0.86,0.69,2010
3525003,Jandira,121848,2026,118045,0.76,0.738,0.841,0.706,2010
3525102,Jardinópolis,47354,2026,45282,0.735,0.728,0.853,0.64,2010
3525201,Jarinu,40433,2026,37535,0.733,0.723,0.826,0.659,2010
3525300,Jaú,137486,2026,133497,0.778,0.768,0.886,0.693,2010
3525409,Jeriquara,4021,2026,3863,0.703,0.68,0.814,0.628,2010
3525508,Joanópolis,13162,2026,12815,0.699,0.707,0.824,0.585,2010
3525607,João Ramalho,4470,2026,4371,0.741,0.701,0.818,0.71,2010
3525706,José Bonifácio,38111,2026,36633,0.777,0.752,0.869,0.717,2010
3525805,Júlio Mesquita,4297,2026,4254,0.716,0.659,0.813,0.686,2010
3525854,Jumirim,3139,2026,3056,0.741,0.721,0.863,0.655,2010
3525904,Jundiaí,465277,2026,443221,0.822,0.834,0.866,0.768,2010
3526001,Junqueirópolis,20991,2026,20448,0.745,0.727,0.86,0.662,2010
3526100,Juquiá,17121,2026,17154,0.7,0.654,0.823,0.637,2010
3526209,Juquitiba,27929,2026,27404,0.709,0.68,0.791,0.662,2010
3526308,Lagoinha,5191,2026,5083,0.693,0.686,0.797,0.609,2010
3526407,Laranjal Paulista,27075,2026,26261,0.729,0.732,0.829,0.639,2010
3526506,Lavínia,9967,2026,9689,0.721,0.698,0.82,0.655,2010
3526605,Lavrinhas,7365,2026,7171,0.729,0.665,0.823,0.707,2010
3526704,Leme,101734,2026,98161,0.744,0.729,0.851,0.665,2010
3526803,Lençóis Paulista,68724,2026,66505,0.764,0.743,0.837,0.717,2010
3526902,Limeira,301780,2026,291869,0.775,0.761,0.852,0.719,2010
3527009,Lindóia,7167,2026,7014,0.742,0.722,0.864,0.654,2010
3527108,Lins,76946,2026,74779,0.786,0.762,0.869,0.733,2010
3527207,Lorena,87551,2026,84855,0.766,0.736,0.856,0.713,2010
3527256,Lourdes,1957,2026,1950,0.742,0.697,0.816,0.717,2010
3527306,Louveira,55314,2026,51847,0.777,0.783,0.861,0.697,2010
3527405,Lucélia,20383,2026,20061,0.752,0.728,0.841,0.695,2010
3527504,Lucianópolis,2427,2026,2372,0.733,0.736,0.809,0.662,2010
3527603,Luís Antônio,12594,2026,12265,0.731,0.709,0.822,0.671,2010
3527702,Luiziânia,4730,2026,4701,0.702,0.682,0.815,0.623,2010
3527801,Lupércio,3993,2026,3981,0.724,0.679,0.83,0.674,2010
3527900,Lutécia,2696,2026,2661,0.72,0.67,0.846,0.659,2010
3528007,Macatuba,17157,2026,16829,0.77,0.763,0.859,0.697,2010
3528106,Macaubal,7575,2026,7481,0.743,0.72,0.844,0.676,2010
3528205,Macedônia,4067,2026,3963,0.74,0.705,0.852,0.675,2010
3528304,Magda,3210,2026,3165,0.753,0.724,0.823,0.717,2010
3528403,Mairinque,52092,2026,50027,0.743,0.721,0.831,0.684,2010
3528502,Mairiporã,98241,2026,93853,0.788,0.767,0.881,0.723,2010
3528601,Manduri,10148,2026,9871,0.739,0.73,0.818,0.675,2010
3528700,Marabá Paulista,4612,2026,4573,0.677,0.65,0.809,0.591,2010
3528809,Maracaí,12784,2026,12673,0.771,0.711,0.85,0.758,2010
3528858,Marapoama,3435,2026,3292,0.752,0.736,0.852,0.679,2010
3528908,Mariápolis,3514,2026,3513,0.718,0.684,0.83,0.651,2010
3529005,Marília,247992,2026,237627,0.798,0.768,0.854,0.776,2010
3529104,Marinópolis,1854,2026,1860,0.731,0.681,0.825,0.694,2010
3529203,Martinópolis,25260,2026,24881,0.721,0.703,0.832,0.641,2010
3529302,Matão,81144,2026,79033,0.773,0.766,0.847,0.713,2010
3529401,Mauá,429064,2026,418261,0.766,0.721,0.852,0.733,2010
3529500,Mendonça,6466,2026,6159,0.744,0.72,0.863,0.663,2010
3529609,Meridiano,4743,2026,4572,0.731,0.717,0.817,0.667,2010
3529658,Mesópolis,1992,2026,1952,0.724,0.674,0.847,0.666,2010
3529708,Miguelópolis,19591,2026,19441,0.741,0.712,0.863,0.661,2010
3529807,Mineiros do Tietê,11297,2026,11230,0.73,0.719,0.823,0.658,2010
3529906,Miracatu,18549,2026,18553,0.697,0.645,0.803,0.655,2010
3530003,Mira Estrela,3218,2026,3126,0.743,0.697,0.806,0.731,2010
3530102,Mirandópolis,28770,2026,27983,0.751,0.732,0.869,0.665,2010
3530201,Mirante do Paranapanema,15997,2026,15917,0.724,0.67,0.841,0.674,2010
3530300,Mirassol,66102,2026,63337,0.762,0.748,0.846,0.698,2010
3530409,Mirassolândia,4795,2026,4669,0.738,0.704,0.829,0.69,2010
3530508,Mococa,69415,2026,67681,0.762,0.756,0.827,0.709,2010
3530607,Mogi das Cruzes,472255,2026,451505,0.783,0.762,0.851,0.74,2010
3530706,Mogi Guaçu,160841,2026,153658,0.774,0.74,0.852,0.736,2010
3530805,Mogi Mirim,95929,2026,92558,0.784,0.767,0.879,0.715,2010
3530904,Mombuca,3844,2026,3722,0.719,0.746,0.82,0.607,2010
3531001,Monções,1941,2026,1937,0.772,0.731,0.814,0.773,2010
3531100,Mongaguá,65321,2026,61951,0.754,0.719,0.854,0.699,2010
3531209,Monte Alegre do Sul,8967,2026,8627,0.759,0.752,0.858,0.678,2010
3531308,Monte Alto,48787,2026,47574,0.768,0.746,0.859,0.707,2010
3531407,Monte Aprazível,22684,2026,22280,0.785,0.781,0.861,0.72,2010
3531506,Monte Azul Paulista,18314,2026,18151,0.753,0.733,0.843,0.69,2010
3531605,Monte Castelo,4311,2026,4222,0.741,0.706,0.814,0.709,2010
3531704,Monteiro Lobato,4206,2026,4138,0.71,0.692,0.826,0.627,2010
3531803,Monte Mor,68311,2026,64662,0.733,0.713,0.863,0.639,2010
3531902,Morro Agudo,28485,2026,27933,0.712,0.716,0.836,0.604,2010
3532009,Morungaba,14206,2026,13720,0.715,0.726,0.802,0.627,2010
3532058,Motuca,4063,2026,4034,0.741,0.685,0.859,0.691,2010
3532108,Murutinga do Sul,3734,2026,3737,0.726,0.703,0.847,0.643,2010
3532157,Nantes,2696,2026,2660,0.714,0.655,0.79,0.702,2010
3532207,Narandiba,5999,2026,5713,0.718,0.659,0.839,0.67,2010
3532306,Natividade da Serra,7164,2026,6999,0.655,0.664,0.814,0.52,2010
3532405,Nazaré Paulista,18729,2026,18217,0.678,0.681,0.818,0.559,2010
3532504,Neves Paulista,9981,2026,9699,0.754,0.737,0.823,0.707,2010
3532603,Nhandeara,9888,2026,9852,0.751,0.755,0.835,0.672,2010
3532702,Nipoã,4891,2026,4750,0.713,0.701,0.814,0.636,2010
3532801,Nova Aliança,6910,2026,6693,0.738,0.71,0.826,0.684,2010
3532827,Nova Campina,8630,2026,8497,0.651,0.598,0.799,0.577,2010
3532843,Nova Canaã Paulista,2053,2026,2032,0.715,0.673,0.806,0.675,2010
3532868,Nova Castilho,1070,2026,1062,0.756,0.694,0.823,0.755,2010
3532900,Nova Europa,9460,2026,9311,0.765,0.718,0.869,0.718,2010
3533007,Nova Granada,19741,2026,19419,0.739,0.727,0.818,0.68,2010
3533106,Nova Guataporanga,2187,2026,2156,0.726,0.707,0.842,0.644,2010
3533205,Nova Independência,4894,2026,4609,0.735,0.675,0.827,0.711,2010
3533254,Novais,4457,2026,4412,0.719,0.712,0.822,0.634,2010
3533304,Nova Luzitânia,2799,2026,2837,0.743,0.705,0.808,0.719,2010
3533403,Nova Odessa,64924,2026,62019,0.791,0.755,0.861,0.762,2010
3533502,Novo Horizonte,39548,2026,38324,0.753,0.741,0.865,0.665,2010
3533601,Nuporanga,7587,2026,7391,0.746,0.73,0.866,0.656,2010
3533700,Ocauçu,4423,2026,4331,0.717,0.679,0.83,0.653,2010
3533809,Óleo,2530,2026,2512,0.73,0.713,0.858,0.637,2010
3533908,Olímpia,57028,2026,55074,0.773,0.737,0.867,0.724,2010
3534005,Onda Verde,4969,2026,4771,0.738,0.693,0.863,0.671,2010
3534104,Oriente,6180,2026,6085,0.77,0.717,0.837,0.761,2010
3534203,Orindiúva,6167,2026,6024,0.767,0.719,0.824,0.762,2010
3534302,Orlândia,39099,2026,38319,0.78,0.765,0.882,0.703,2010
3534401,Osasco,761441,2026,728615,0.776,0.776,0.84,0.718,2010
3534500,Oscar Bressane,2500,2026,2470,0.749,0.713,0.823,0.715,2010
3534609,Osvaldo Cruz,32123,2026,31272,0.762,0.74,0.837,0.713,2010
3534708,Ourinhos,106941,2026,103970,0.778,0.753,0.859,0.727,2010
3534757,Ouroeste,10717,2026,10294,0.77,0.717,0.866,0.736,2010
3534807,Ouro Verde,7899,2026,7779,0.692,0.666,0.814,0.612,2010
3534906,Pacaembu,15322,2026,14877,0.725,0.717,0.843,0.631,2010
3535002,Palestina,11717,2026,11476,0.732,0.717,0.848,0.645,2010
3535101,Palmares Paulista,9627,2026,9650,0.722,0.698,0.837,0.645,2010
3535200,Palmeira d'Oeste,8951,2026,8903,0.753,0.72,0.829,0.714,2010
3535309,Palmital,19666,2026,19594,0.746,0.727,0.814,0.702,2010
3535408,Panorama,15239,2026,14964,0.722,0.724,0.814,0.639,2010
3535507,Paraguaçu Paulista,42014,2026,41120,0.762,0.717,0.836,0.739,2010
3535606,Paraibuna,17968,2026,17667,0.719,0.709,0.815,0.642,2010
3535705,Paraíso,6224,2026,6099,0.749,0.751,0.837,0.668,2010
3535804,Paranapanema,19901,2026,19395,0.717,0.697,0.839,0.631,2010
3535903,Paranapuã,4125,2026,4031,0.732,0.712,0.842,0.655,2010
3536000,Parapuã,10712,2026,10580,0.737,0.693,0.83,0.696,2010
3536109,Pardinho,7482,2026,7153,0.727,0.718,0.821,0.652,2010
3536208,Pariquera-Açu,19627,2026,19233,0.736,0.682,0.862,0.678,2010
3536257,Parisi,3056,2026,2892,0.721,0.72,0.842,0.619,2010
3536307,Patrocínio Paulista,14934,2026,14512,0.73,0.696,0.826,0.678,2010
3536406,Paulicéia,8303,2026,7955,0.711,0.692,0.811,0.64,2010
3536505,Paulínia,117554,2026,110537,0.795,0.8,0.864,0.727,2010
3536570,Paulistânia,2166,2026,2090,0.718,0.683,0.817,0.663,2010
3536604,Paulo de Faria,7354,2026,7400,0.725,0.721,0.8,0.662,2010
3536703,Pederneiras,46439,2026,44827,0.739,0.738,0.812,0.673,2010
3536802,Pedra Bela,6768,2026,6557,0.677,0.671,0.796,0.581,2010
3536901,Pedranópolis,2863,2026,2787,0.742,0.698,0.854,0.684,2010
3537008,Pedregulho,15732,2026,15525,0.715,0.716,0.82,0.623,2010
3537107,Pedreira,44433,2026,43112,0.769,0.75,0.864,0.701,2010
3537156,Pedrinhas Paulista,2829,2026,2804,0.774,0.749,0.837,0.739,2010
3537206,Pedro de Toledo,11650,2026,11281,0.696,0.654,0.812,0.634,2010
3537305,Penápolis,63523,2026,61679,0.759,0.748,0.859,0.68,2010
3537404,Pereira Barreto,24334,2026,24095,0.766,0.728,0.845,0.732,2010
3537503,Pereiras,9052,2026,8737,0.736,0.717,0.873,0.637,2010
3537602,Peruíbe,70891,2026,68352,0.749,0.73,0.854,0.675,2010
3537701,Piacatu,5638,2026,5519,0.732,0.681,0.843,0.684,2010
3537800,Piedade,54291,2026,52970,0.716,0.694,0.848,0.624,2010
3537909,Pilar do Sul,28496,2026,27619,0.69,0.674,0.82,0.594,2010
3538006,Pindamonhangaba,173267,2026,165428,0.773,0.745,0.843,0.736,2010
3538105,Pindorama,14689,2026,14542,0.737,0.726,0.842,0.654,2010
3538204,Pinhalzinho,15740,2026,15224,0.725,0.707,0.808,0.666,2010
3538303,Piquerobi,3279,2026,3264,0.711,0.669,0.836,0.644,2010
3538501,Piquete,12468,2026,12490,0.757,0.711,0.823,0.74,2010
3538600,Piracaia,26823,2026,26029,0.739,0.758,0.851,0.625,2010
3538709,Piracicaba,442635,2026,423323,0.785,0.797,0.848,0.717,2010
3538808,Piraju,30324,2026,29436,0.758,0.74,0.843,0.699,2010
3538907,Pirajuí,22726,2026,22431,0.749,0.734,0.853,0.672,2010
3539004,Pirangi,11093,2026,10885,0.756,0.735,0.837,0.701,2010
3539103,Pirapora do Bom Jesus,19005,2026,18370,0.727,0.679,0.81,0.698,2010
3539202,Pirapozinho,26125,2026,25348,0.776,0.74,0.863,0.733,2010
3539301,Pirassununga,75701,2026,73545,0.801,0.789,0.884,0.736,2010
3539400,Piratininga,15748,2026,15108,0.779,0.762,0.859,0.723,2010
3539509,Pitangueiras,34311,2026,33674,0.723,0.699,0.83,0.651,2010
3539608,Planalto,4449,2026,4389,0.719,0.683,0.853,0.639,2010
3539707,Platina,3050,2026,3025,0.719,0.691,0.824,0.652,2010
3539806,Poá,106288,2026,103765,0.771,0.71,0.856,0.754,2010
3539905,Poloni,5708,2026,5592,0.766,0.736,0.853,0.717,2010
3540002,Pompéia,20528,2026,20196,0.786,0.75,0.864,0.748,2010
3540101,Pongaí,3437,2026,3395,0.755,0.727,0.844,0.701,2010
3540200,Pontal,38206,2026,37607,0.725,0.718,0.838,0.633,2010
3540259,Pontalinda,4199,2026,4127,0.702,0.677,0.847,0.604,2010
3540309,Pontes Gestal,2407,2026,2387,0.732,0.705,0.805,0.69,2010
3540408,Populina,4179,2026,4127,0.714,0.699,0.804,0.647,2010
3540507,Porangaba,10915,2026,10451,0.703,0.696,0.864,0.578,2010
3540606,Porto Feliz,58837,2026,56497,0.758,0.737,0.836,0.706,2010
3540705,Porto Ferreira,54005,2026,52649,0.751,0.736,0.827,0.696,2010
3540754,Potim,20831,2026,20392,0.697,0.651,0.806,0.646,2010
3540804,Potirendaba,19189,2026,18496,0.747,0.737,0.857,0.661,2010
3540853,Pracinha,2581,2026,2578,0.696,0.658,0.814,0.629,2010
3540903,Pradópolis,17291,2026,17078,0.733,0.738,0.822,0.65,2010
3541000,Praia Grande,371190,2026,349935,0.754,0.744,0.834,0.692,2010
3541059,Pratânia,5280,2026,5126,0.701,0.681,0.798,0.633,2010
3541109,Presidente Alves,3820,2026,3804,0.735,0.711,0.811,0.689,2010
3541208,Presidente Bernardes,14830,2026,14490,0.757,0.718,0.839,0.719,2010
3541307,Presidente Epitácio,40267,2026,39505,0.75,0.714,0.845,0.7,2010
3541406,Presidente Prudente,235264,2026,225668,0.806,0.788,0.858,0.774,2010
3541505,Presidente Venceslau,35728,2026,35201,0.763,0.749,0.837,0.708,2010
3541604,Promissão,35957,2026,35131,0.743,0.724,0.85,0.666,2010
3541653,Quadra,3482,2026,3405,0.678,0.7,0.822,0.541,2010
3541703,Quatá,13423,2026,13163,0.738,0.706,0.814,0.7,2010
3541802,Queiroz,3380,2026,3265,0.715,0.662,0.811,0.681,2010
3541901,Queluz,9009,2026,9159,0.722,0.665,0.823,0.687,2010
3542008,Quintana,7291,2026,7038,0.732,0.689,0.811,0.703,2010
3542107,Rafard,9156,2026,8965,0.745,0.722,0.823,0.696,2010
3542206,Rancharia,29381,2026,28588,0.751,0.72,0.861,0.683,2010
3542305,Redenção da Serra,4656,2026,4494,0.657,0.633,0.799,0.56,2010
3542404,Regente Feijó,20671,2026,20145,0.768,0.735,0.818,0.752,2010
3542503,Reginópolis,7830,2026,7662,0.728,0.715,0.817,0.66,2010
3542602,Registro,62101,2026,59947,0.754,0.718,0.851,0.702,2010
3542701,Restinga,6480,2026,6404,0.705,0.664,0.826,0.639,2010
3542800,Ribeira,3151,2026,3132,0.698,0.635,0.797,0.673,2010
3542909,Ribeirão Bonito,11006,2026,10989,0.712,0.712,0.811,0.625,2010
3543006,Ribeirão Branco,18953,2026,18627,0.639,0.592,0.797,0.553,2010
3543105,Ribeirão Corrente,4727,2026,4608,0.711,0.688,0.814,0.642,2010
3543204,Ribeirão do Sul,4783,2026,4677,0.747,0.753,0.818,0.676,2010
3543238,Ribeirão dos Índios,2035,2026,2025,0.721,0.661,0.809,0.701,2010
3543253,Ribeirão Grande,7572,2026,7450,0.705,0.643,0.807,0.676,2010
3543303,Ribeirão Pires,119023,2026,115559,0.784,0.749,0.847,0.76,2010
3543402,Ribeirão Preto,734538,2026,698642,0.8,0.82,0.844,0.739,2010
3543501,Riversul,5611,2026,5599,0.664,0.634,0.799,0.577,2010
3543600,Rifaina,4198,2026,4049,0.74,0.713,0.824,0.69,2010
3543709,Rincão,9061,2026,9098,0.734,0.701,0.826,0.682,2010
3543808,Rinópolis,9314,2026,9259,0.723,0.696,0.843,0.644,2010
3543907,Rio Claro,210794,2026,201418,0.803,0.784,0.862,0.766,2010
3544004,Rio das Pedras,32386,2026,31328,0.759,0.741,0.842,0.7,2010
3544103,Rio Grande da Serra,45331,2026,44170,0.749,0.684,0.823,0.745,2010
3544202,Riolândia,10436,2026,10309,0.703,0.677,0.817,0.629,2010
3544251,Rosana,17366,2026,17440,0.764,0.749,0.818,0.728,2010
3544301,Roseira,11174,2026,10832,0.737,0.691,0.823,0.704,2010
3544400,Rubiácea,2739,2026,2700,0.721,0.684,0.82,0.668,2010
3544509,Rubinéia,4028,2026,3833,0.759,0.713,0.844,0.726,2010
3544608,Sabino,5179,2026,5112,0.728,0.708,0.813,0.671,2010
3544707,Sagres,2524,2026,2474,0.73,0.692,0.83,0.677,2010
3544806,Sales,6675,2026,6437,0.751,0.708,0.859,0.697,2010
3544905,Sales Oliveira,11708,2026,11411,0.772,0.738,0.845,0.739,2010
3545001,Salesópolis,15368,2026,15202,0.732,0.687,0.829,0.69,2010
3545100,Salmourão,4883,2026,4808,0.719,0.678,0.846,0.649,2010
3545159,Saltinho,8441,2026,8161,0.791,0.771,0.857,0.75,2010
3545209,Salto,141994,2026,134319,0.78,0.755,0.837,0.751,2010
3545308,Salto de Pirapora,45373,2026,43748,0.729,0.699,0.834,0.665,2010
3545407,Salto Grande,9229,2026,9050,0.704,0.664,0.825,0.637,2010
3545506,Sandovalina,3696,2026,3645,0.709,0.665,0.812,0.659,2010
3545605,Santa Adélia,14183,2026,14018,0.76,0.75,0.835,0.702,2010
3545704,Santa Albertina,6586,2026,6393,0.728,0.716,0.809,0.665,2010
3545803,Santa Bárbara d'Oeste,189562,2026,183347,0.781,0.752,0.867,0.731,2010
3546009,Santa Branca,14226,2026,13975,0.735,0.706,0.828,0.678,2010
3546108,Santa Clara d'Oeste,2710,2026,2598,0.733,0.712,0.804,0.687,2010
3546207,Santa Cruz da Conceição,4383,2026,4277,0.79,0.83,0.876,0.679,2010
3546256,Santa Cruz da Esperança,2173,2026,2116,0.743,0.719,0.832,0.686,2010
3546306,Santa Cruz das Palmeiras,29456,2026,28864,0.728,0.746,0.815,0.635,2010
3546405,Santa Cruz do Rio Pardo,47833,2026,46442,0.762,0.744,0.867,0.686,2010
3546504,Santa Ernestina,6291,2026,6118,0.738,0.716,0.802,0.699,2010
3546603,Santa Fé do Sul,36458,2026,34794,0.784,0.763,0.84,0.751,2010
3546702,Santa Gertrudes,23249,2026,23611,0.737,0.723,0.847,0.654,2010
3546801,Santa Isabel,54775,2026,53174,0.738,0.7,0.834,0.689,2010
3546900,Santa Lúcia,7111,2026,7149,0.737,0.696,0.818,0.703,2010
3547007,Santa Maria da Serra,5303,2026,5243,0.686,0.688,0.82,0.571,2010
3547106,Santa Mercedes,3020,2026,2956,0.739,0.683,0.847,0.699,2010
3547205,Santana da Ponte Pensa,1700,2026,1670,0.773,0.751,0.84,0.733,2010
3547304,Santana de Parnaíba,165193,2026,154105,0.814,0.876,0.849,0.725,2010
3547403,Santa Rita d'Oeste,2802,2026,2733,0.761,0.711,0.839,0.74,2010
3547502,Santa Rita do Passa Quatro,24938,2026,24833,0.775,0.764,0.887,0.686,2010
3547601,Santa Rosa de Viterbo,23697,2026,23411,0.77,0.746,0.868,0.704,2010
3547650,Santa Salete,1698,2026,1645,0.772,0.712,0.864,0.748,2010
3547700,Santo Anastácio,17884,2026,17963,0.753,0.725,0.854,0.689,2010
3547809,Santo André,784290,2026,748919,0.815,0.819,0.861,0.769,2010
3547908,Santo Antônio da Alegria,6947,2026,6775,0.702,0.69,0.83,0.604,2010
3548005,Santo Antônio de Posse,23945,2026,23244,0.702,0.718,0.838,0.576,2010
3548054,Santo Antônio do Aracanguá,8616,2026,8379,0.757,0.71,0.84,0.728,2010
3548104,Santo Antônio do Jardim,6248,2026,6126,0.714,0.703,0.835,0.62,2010
3548203,Santo Antônio do Pinhal,7333,2026,7133,0.706,0.685,0.812,0.632,2010
3548302,Santo Expedito,3075,2026,3000,0.732,0.664,0.828,0.714,2010
3548401,Santópolis do Aguapeí,3909,2026,3899,0.74,0.68,0.83,0.719,2010
3548500,Santos,429528,2026,418608,0.84,0.861,0.852,0.807,2010
3548609,São Bento do Sapucaí,12025,2026,11674,0.72,0.719,0.812,0.638,2010
3548708,São Bernardo do Campo,842558,2026,810729,0.805,0.807,0.861,0.752,2010
3548807,São Caetano do Sul,173216,2026,165655,0.862,0.891,0.887,0.811,2010
3548906,São Carlos,267441,2026,254857,0.805,0.788,0.863,0.766,2010
3549003,São Francisco,2617,2026,2602,0.723,0.705,0.814,0.658,2010
3549102,São João da Boa Vista,96365,2026,92547,0.797,0.776,0.871,0.749,2010
3549201,São João das Duas Pontes,2623,2026,2580,0.72,0.675,0.806,0.686,2010
3549250,São João de Iracema,1884,2026,1846,0.748,0.682,0.833,0.738,2010
3549300,São João do Pau d'Alho,2297,2026,2242,0.75,0.714,0.854,0.692,2010
3549409,São Joaquim da Barra,49948,2026,48558,0.762,0.74,0.847,0.706,2010
3549508,São José da Bela Vista,7640,2026,7626,0.693,0.679,0.844,0.58,2010
3549607,São José do Barreiro,3881,2026,3853,0.684,0.666,0.813,0.591,2010
3549706,São José do Rio Pardo,53437,2026,52205,0.774,0.744,0.868,0.717,2010
3549805,São José do Rio Preto,506466,2026,480393,0.797,0.801,0.846,0.748,2010
3549904,São José dos Campos,729153,2026,697054,0.807,0.804,0.855,0.764,2010
3549953,São Lourenço da Serra,16541,2026,16067,0.728,0.704,0.823,0.666,2010
3550001,São Luiz do Paraitinga,10485,2026,10337,0.697,0.691,0.826,0.593,2010
3550100,São Manuel,38099,2026,37289,0.744,0.735,0.805,0.695,2010
3550209,São Miguel Arcanjo,32943,2026,32039,0.71,0.708,0.799,0.633,2010
3550308,São Paulo,11911337,2026,11451999,0.805,0.843,0.855,0.725,2010
3550407,São Pedro,40054,2026,38256,0.755,0.741,0.863,0.674,2010
3550506,São Pedro do Turvo,7334,2026,7217,0.703,0.661,0.826,0.636,2010
3550605,São Roque,81387,2026,79484,0.768,0.765,0.863,0.687,2010
3550704,São Sebastião,84514,2026,81595,0.772,0.747,0.875,0.703,2010
3550803,São Sebastião da Grama,10378,2026,10441,0.701,0.689,0.82,0.609,2010
3550902,São Simão,13533,2026,13442,0.766,0.732,0.852,0.722,2010
3551009,São Vicente,338253,2026,329911,0.768,0.738,0.857,0.716,2010
3551108,Sarapuí,10718,2026,10369,0.707,0.699,0.814,0.621,2010
3551207,Sarutaiá,3775,2026,3704,0.688,0.679,0.794,0.603,2010
3551306,Sebastianópolis do Sul,3194,2026,3130,0.773,0.748,0.835,0.74,2010
3551405,Serra Azul,13153,2026,12746,0.686,0.697,0.81,0.572,2010
3551504,Serrana,45734,2026,43909,0.729,0.713,0.835,0.65,2010
3551603,Serra Negra,31155,2026,29894,0.767,0.764,0.873,0.676,2010
3551702,Sertãozinho,132692,2026,126887,0.761,0.768,0.855,0.672,2010
3551801,Sete Barras,12895,2026,12730,0.673,0.651,0.832,0.562,2010
3551900,Severínia,14666,2026,14576,0.715,0.709,0.807,0.638,2010
3552007,Silveiras,6341,2026,6186,0.678,0.657,0.812,0.584,2010
3552106,Socorro,41633,2026,40122,0.729,0.737,0.828,0.634,2010
3552205,Sorocaba,766390,2026,723682,0.798,0.792,0.843,0.762,2010
3552304,Sud Mennucci,7461,2026,7355,0.747,0.743,0.809,0.694,2010
3552403,Sumaré,292307,2026,279545,0.762,0.744,0.845,0.705,2010
3552502,Suzano,321600,2026,307429,0.765,0.708,0.873,0.723,2010
3552551,Suzanápolis,3466,2026,3408,0.699,0.665,0.813,0.631,2010
3552601,Tabapuã,11497,2026,11323,0.735,0.726,0.82,0.666,2010
3552700,Tabatinga,15000,2026,14769,0.704,0.7,0.818,0.609,2010
3552809,Taboão da Serra,286201,2026,273542,0.769,0.742,0.863,0.71,2010
3552908,Taciba,6434,2026,6260,0.723,0.682,0.809,0.684,2010
3553005,Taguaí,13124,2026,12669,0.709,0.69,0.818,0.631,2010
3553104,Taiaçu,5737,2026,5677,0.71,0.701,0.814,0.628,2010
3553203,Taiúva,6804,2026,6548,0.76,0.732,0.835,0.718,2010
3553302,Tambaú,21620,2026,21435,0.731,0.729,0.858,0.624,2010
3553401,Tanabi,26116,2026,25265,0.748,0.735,0.829,0.687,2010
3553500,Tapiraí,8121,2026,7996,0.681,0.647,0.846,0.578,2010
3553609,Tapiratiba,11875,2026,11816,0.751,0.703,0.87,0.692,2010
3553658,Taquaral,2645,2026,2619,0.759,0.742,0.823,0.716,2010
3553708,Taquaritinga,53212,2026,52260,0.748,0.727,0.827,0.696,2010
3553807,Taquarituba,24995,2026,24350,0.701,0.7,0.811,0.606,2010
3553856,Taquarivaí,7223,2026,6876,0.679,0.617,0.811,0.626,2010
3553906,Tarabai,6631,2026,6536,0.726,0.666,0.823,0.697,2010
3553955,Tarumã,15375,2026,14882,0.753,0.738,0.852,0.68,2010
3554003,Tatuí,129640,2026,123942,0.752,0.734,0.842,0.688,2010
3554102,Taubaté,323380,2026,310739,0.8,0.778,0.883,0.746,2010
3554201,Tejupá,4098,2026,4127,0.668,0.668,0.794,0.563,2010
3554300,Teodoro Sampaio,22622,2026,22173,0.741,0.699,0.856,0.679,2010
3554409,Terra Roxa,7947,2026,7904,0.749,0.732,0.838,0.684,2010
3554508,Tietê,38749,2026,37663,0.778,0.764,0.884,0.698,2010
3554607,Timburi,2478,2026,2464,0.71,0.688,0.826,0.629,2010
3554656,Torre de Pedra,2049,2026,2046,0.714,0.679,0.829,0.647,2010
3554706,Torrinha,9484,2026,9335,0.744,0.734,0.852,0.658,2010
3554755,Trabiju,1728,2026,1682,0.722,0.666,0.811,0.697,2010
3554805,Tremembé,53734,2026,51173,0.785,0.769,0.873,0.72,2010
3554904,Três Fronteiras,7102,2026,6804,0.753,0.71,0.829,0.726,2010
3554953,Tuiuti,7002,2026,6778,0.728,0.702,0.871,0.63,2010
3555000,Tupã,65447,2026,63928,0.771,0.764,0.852,0.704,2010
3555109,Tupi Paulista,16307,2026,15854,0.769,0.762,0.835,0.715,2010
3555208,Turiúba,1832,2026,1818,0.751,0.713,0.824,0.721,2010
3555307,Turmalina,1652,2026,1669,0.736,0.724,0.817,0.675,2010
3555356,Ubarana,5461,2026,5365,0.7,0.672,0.844,0.604,2010
3555406,Ubatuba,97541,2026,92981,0.751,0.741,0.841,0.679,2010
3555505,Ubirajara,5310,2026,5132,0.727,0.689,0.829,0.674,2010
3555604,Uchoa,10698,2026,10394,0.721,0.708,0.823,0.644,2010
3555703,União Paulista,1629,2026,1603,0.749,0.697,0.863,0.699,2010
3555802,Urânia,8973,2026,8833,0.746,0.727,0.804,0.709,2010
3555901,Uru,1428,2026,1387,0.712,0.678,0.832,0.639,2010
3556008,Urupês,14104,2026,13744,0.745,0.741,0.817,0.683,2010
3556107,Valentim Gentil,14727,2026,14098,0.735,0.708,0.81,0.692,2010
3556206,Valinhos,132862,2026,126373,0.819,0.848,0.85,0.763,2010
3556305,Valparaíso,24830,2026,24241,0.725,0.719,0.825,0.643,2010
3556354,Vargem,10915,2026,10512,0.699,0.69,0.839,0.591,2010
3556404,Vargem Grande do Sul,41283,2026,40133,0.737,0.721,0.863,0.643,2010
3556453,Vargem Grande Paulista,52574,2026,50415,0.77,0.755,0.884,0.683,2010
3556503,Várzea Paulista,119923,2026,115771,0.759,0.72,0.863,0.705,2010
3556602,Vera Cruz,10256,2026,10176,0.754,0.722,0.83,0.715,2010
3556701,Vinhedo,79477,2026,76540,0.817,0.84,0.878,0.739,2010
3556800,Viradouro,17689,2026,17414,0.739,0.717,0.823,0.683,2010
3556909,Vista Alegre do Alto,8405,2026,8109,0.744,0.726,0.84,0.676,2010
3556958,Vitória Brasil,1830,2026,1794,0.725,0.686,0.811,0.685,2010
3557006,Votorantim,134103,2026,127923,0.767,0.72,0.838,0.747,2010
3557105,Votuporanga,100935,2026,96634,0.79,0.772,0.857,0.744,2010
3557154,Zacarias,2784,2026,2692,0.729,0.695,0.826,0.674,2010
3557204,Chavantes,12418,2026,12211,0.729,0.713,0.828,0.655,2010
3557303,Estiva Gerbi,11647,2026,11295,0.74,0.716,0.815,0.695,2010
