nome,codigo_ceg,tipo_geracao,fase,origem_combustivel,fonte_combustivel,categoria_energia,combustivel_detalhe,data_entrada_operacao,potencia_outorgada_kw,latitude,longitude,proprietario,municipio
Alta Mogiana,UTE.AI.SP.000060-4.1,UTE,Operação,Biomassa,Agroindustriais,Biomassa,Bagaço de Cana de Açúcar,1994-04-19,71000.0,-20.48184967,-47.86622455,100% para USINA ALTA MOGIANA S/A-ACUCAR E ALCOOL - 53.009.825/0001-33 (PIE),São Joaquim da Barra
Batatais,UTE.AI.SP.000236-4.1,UTE,Operação,Biomassa,Agroindustriais,Biomassa,Bagaço de Cana de Açúcar,1990-05-01,8400.0,-20.74957275,-47.5686176,100% para Usina Batatais S.A - Açúcar e Álcool - 54.470.679/0001-01 (APE),Batatais
Colombo Ariranha,UTE.AI.SP.000796-0.1,UTE,Operação,Biomassa,Agroindustriais,Biomassa,Bagaço de Cana de Açúcar,1994-05-01,96795.0,-21.21160967,-48.82963455,100% para COLOMBO BIOENERGIA S.A. UTE 1 - 37.606.297/0001-43 (PIE),Ariranha
Ester,UTE.AI.SP.000912-1.1,UTE,Operação,Biomassa,Agroindustriais,Biomassa,Bagaço de Cana de Açúcar,1954-01-01,40000.0,-22.65729996,-47.21090003,"99.9900% para CPFL BIO BURITI LTDA - 11.631.681/0001-02 (PIE), 0.0100% para USINA ACUCAREIRA ESTER S.A. - EM RECUPERACAO JUDICIAL - 60.892.098/0001-60 (PIE)",Cosmópolis
Central Energética Ribeirão Preto (Antiga Galo Bravo),UTE.AI.SP.001016-2.1,UTE,Operação,Biomassa,Agroindustriais,Biomassa,Bagaço de Cana de Açúcar,1986-01-01,9000.0,-21.11118967,-47.81657455,"100% para CENTRAL ENERGETICA RIBEIRAO PRETO, ACUCAR E ALCOOL LTDA - 07.108.235/0001-40 (APE)",Ribeirão Preto
Galvani,UTE.AI.SP.001017-0.1,UTE,Operação,Biomassa,Agroindustriais,Biomassa,Bagaço de Cana de Açúcar,1996-09-01,11500.0,-22.79900328,-47.12506283,100% para YARA BRASIL FERTILIZANTES S/A - 92.660.604/0001-82 (APE),Paulínia
Iracema,UTE.AI.SP.001142-8.1,UTE,Operação,Biomassa,Agroindustriais,Biomassa,Bagaço de Cana de Açúcar,1905-05-30,14000.0,-22.58236967,-47.52161455,100% para SAO MARTINHO S/A - 51.466.860/0001-56 (PIE),Iracemápolis
Virgolino de Oliveira - Itapira,UTE.AI.SP.001181-9.1,UTE,Operação,Biomassa,Agroindustriais,Biomassa,Bagaço de Cana de Açúcar,1975-01-01,5800.0,-22.41211192,-46.80530719,100% para VIRGOLINO DE OLIVEIRA S/A - ACUCAR E ALCOOL EM RECUPERACAO JUDICIAL - 49.911.589/0001-79 (APE),Itapira
Junqueira,UTE.AI.SP.001281-5.1,UTE,Operação,Biomassa,Agroindustriais,Biomassa,Bagaço de Cana de Açúcar,1900-01-03,14700.0,-19.9881,-47.79816,100% para RAIZEN ENERGIA S.A - 08.070.508/0001-78 (APE),Igarapava
Maracaí,UTE.AI.SP.001405-2.1,UTE,Operação,Biomassa,Agroindustriais,Biomassa,Bagaço de Cana de Açúcar,2000-06-13,51000.0,-22.57108967,-50.64415455,100% para BIOENERGIA MARACAI LTDA. - 18.734.168/0001-96 (PIE),Maracaí
MB,UTE.AI.SP.001449-4.1,UTE,Operação,Biomassa,Agroindustriais,Biomassa,Bagaço de Cana de Açúcar,1980-01-01,16400.0,-20.77865967,-48.19187455,100% para RAIZEN CENTRO-SUL PAULISTA S.A - 49.213.747/0118-28 (PIE),Morro Agudo
Nardini,UTE.AI.SP.001528-8.1,UTE,Operação,Biomassa,Agroindustriais,Biomassa,Bagaço de Cana de Açúcar,1994-01-01,54000.0,-21.18146967,-48.64470455,100% para COMPANHIA ENERGETICA NARDINI - 28.127.776/0001-96 (PIE),Vista Alegre do Alto
Santa Cruz AB (Antiga Ometto),UTE.AI.SP.001609-8.1,UTE,Operação,Biomassa,Agroindustriais,Biomassa,Bagaço de Cana de Açúcar,2009-05-22,84000.0,-21.76277778,-48.08388889,100% para BIOENERGETICA SANTA CRUZ LTDA - 10.763.227/0001-42 (PIE),Américo Brasiliense
Usina da Pedra,UTE.AI.SP.002019-2.1,UTE,Operação,Biomassa,Agroindustriais,Biomassa,Bagaço de Cana de Açúcar,2003-05-31,45000.0,-21.17198178,-47.61886799,100% para Central Energética Rio Pardo S.A - 04.685.041/0001-10 (PIE),Serrana
Ripasa,UTE.FL.SP.002534-8.1,UTE,Operação,Biomassa,Floresta,Biomassa,Resíduos Florestais,1974-06-01,53480.0,-22.59451966,-47.35424455,100% para SUZANO S.A. - 16.404.287/0001-55 (APE),Limeira
Rafard,UTE.AI.SP.002903-3.1,UTE,Operação,Biomassa,Agroindustriais,Biomassa,Bagaço de Cana de Açúcar,1941-01-01,50000.0,-22.99734967,-47.52019455,100% para RAIZEN ENERGIA S.A - 08.070.508/0001-78 (PIE),Rafard
Univalem,UTE.AI.SP.002906-8.1,UTE,Operação,Biomassa,Agroindustriais,Biomassa,Bagaço de Cana de Açúcar,1995-05-01,8000.0,-21.32896867,-50.95548817,100% para RAIZEN ENERGIA S.A - 08.070.508/0001-78 (APE),Valparaíso
Vale do Rosário,UTE.AI.SP.002958-0.1,UTE,Operação,Biomassa,Agroindustriais,Biomassa,Bagaço de Cana de Açúcar,1994-06-01,124000.0,-20.61331879,-48.00080787,100% para RAIZEN CENTRO-SUL PAULISTA S.A - 49.213.747/0118-28 (PIE),Morro Agudo
Viralcool,UTE.AI.SP.003035-0.1,UTE,Operação,Biomassa,Agroindustriais,Biomassa,Bagaço de Cana de Açúcar,1983-01-01,43000.0,-20.93854716,-48.250265,100% para VIRALCOOL - ACUCAR E ALCOOL LTDA. - 53.811.006/0001-05 (APE),Pitangueiras
São João,UTE.AI.SP.026832-1.1,UTE,Operação,Biomassa,Agroindustriais,Biomassa,Bagaço de Cana de Açúcar,1975-01-01,40750.0,-22.4264,-47.3575,100% para U.S.J. - Açúcar e Álcool S.A - 44.209.328/0014-02 (APE),Araras
São José,UTE.AI.SP.026847-0.1,UTE,Operação,Biomassa,Agroindustriais,Biomassa,Bagaço de Cana de Açúcar,1988-05-01,80300.0,-22.48351967,-48.77101455,100% para ACUCAREIRA QUATA S/A - 60.855.574/0001-73 (PIE),Macatuba
São José,UTE.AI.SP.026851-8.1,UTE,Operação,Biomassa,Agroindustriais,Biomassa,Bagaço de Cana de Açúcar,2011-09-28,4800.0,-22.81638889,-47.56805556,100% para USINA SAO JOSE SA ACUCAR E ALCOOL EM RECUPERACAO JUDICIAL - 56.563.729/0001-20 (REG),Rio das Pedras
São Luiz,UTE.AI.SP.026869-0.1,UTE,Operação,Biomassa,Agroindustriais,Biomassa,Bagaço de Cana de Açúcar,1999-08-15,70000.0,-21.88559823,-47.30533168,100% para SAO LUIZ TERMOELETRICA S/A - 40.077.641/0001-69 (PIE),Pirassununga
São Martinho,UTE.AI.SP.026874-7.1,UTE,Operação,Biomassa,Agroindustriais,Biomassa,Bagaço de Cana de Açúcar,1975-01-01,73000.0,-21.35804889,-48.06558306,100% para SAO MARTINHO S/A - 51.466.860/0001-56 (PIE),Pradópolis
Barra Grande Lençóis,UTE.AI.SP.027055-5.1,UTE,Operação,Biomassa,Agroindustriais,Biomassa,Bagaço de Cana de Açúcar,2003-05-14,36600.0,-22.62529358,-48.75681592,100% para ACUCAREIRA QUATA S/A - 60.855.574/0001-73 (PIE),Lençóis Paulista
LDC Bioenergia Leme (Antiga Coinbra - Cresciumal),UTE.AI.SP.027059-8.1,UTE,Operação,Biomassa,Agroindustriais,Biomassa,Bagaço de Cana de Açúcar,1986-05-01,39600.0,-22.17216,-47.33762,100% para COGERACAO NAUTILUS LTDA - 62.232.527/0001-07 (PIE),Leme
Boituva,UTE.AI.SP.027320-1.1,UTE,Operação,Biomassa,Agroindustriais,Biomassa,Bagaço de Cana de Açúcar,1900-01-03,1380.0,-23.23834547,-47.61332578,100% para USINA SANTA ROSA LTDA EM RECUPERACAO JUDICIAL - 45.483.146/0001-73 (REG),Boituva
J. Pilon,UTE.AI.SP.027333-3.1,UTE,Operação,Biomassa,Agroindustriais,Biomassa,Bagaço de Cana de Açúcar,1996-03-25,3800.0,-23.1615,-47.7832,100% para J.Pilon S/A Açúcar e Álcool - 47.254.396/0001-67 (REG),Cerquilho
São Francisco,UTE.AI.SP.027335-0.1,UTE,Operação,Biomassa,Agroindustriais,Biomassa,Bagaço de Cana de Açúcar,1987-01-01,25200.0,-21.1234645,-48.00937689,100% para USINA SAO FRANCISCO S/A - 71.324.792/0001-06 (PIE),Sertãozinho
Lucélia,UTE.AI.SP.027338-4.1,UTE,Operação,Biomassa,Agroindustriais,Biomassa,Bagaço de Cana de Açúcar,2002-06-01,12000.0,-21.56486967,-50.95939455,100% para SALTO BOTELHO AGROENERGIA S.A. - 45.968.162/0001-56 (PIE),Lucélia
Bortolo Carolo,UTE.AI.SP.027339-2.1,UTE,Operação,Biomassa,Agroindustriais,Biomassa,Bagaço de Cana de Açúcar,1994-01-01,11000.0,-21.00071945,-48.02481713,100% para USINA CAROLO S/A - ACUCAR E ALCOOL. - 55.109.474/0001-68 (APE),Pontal
Furlan,UTE.AI.SP.027342-2.1,UTE,Operação,Biomassa,Agroindustriais,Biomassa,Bagaço de Cana de Açúcar,1976-05-01,3600.0,-22.76160992,-47.47835995,100% para Usina Açucareira Furlan S.A. - 56.723.257/0001-26 (REG),Santa Bárbara d´Oeste
Santa Adélia,UTE.AI.SP.027343-0.1,UTE,Operação,Biomassa,Agroindustriais,Biomassa,Bagaço de Cana de Açúcar,2002-08-01,42000.0,-21.33718967,-48.29298455,100% para TERMOELETRICA SANTA ADELIA LTDA - 04.710.129/0001-44 (PIE),Jaboticabal
Ruette,UTE.AI.SP.027345-7.1,UTE,Operação,Biomassa,Agroindustriais,Biomassa,Bagaço de Cana de Açúcar,2006-06-02,28000.0,-21.04088967,-48.71079455,100% para TIETE BIOENERGIA S.A. - 38.316.340/0001-07 (PIE),Paraíso
Ipiranga Descalvado,UTE.AI.SP.027367-8.1,UTE,Operação,Biomassa,Agroindustriais,Biomassa,Bagaço de Cana de Açúcar,2010-12-01,4000.0,-21.8318,-47.7505,100% para IPIRANGA AGROINDUSTRIAL S.A. - 07.280.328/0001-58 (REG),Descalvado
São Manoel,UTE.AI.SP.027535-2.1,UTE,Operação,Biomassa,Agroindustriais,Biomassa,Bagaço de Cana de Açúcar,2001-04-01,14800.0,-22.67166667,-48.5425,100% para USINA ACUCAREIRA S. MANOEL S/A. - 60.329.174/0001-24 (APE),São Manuel
Albertina,UTE.AI.SP.027536-0.1,UTE,Operação,Biomassa,Agroindustriais,Biomassa,Bagaço de Cana de Açúcar,1992-01-01,4000.0,-21.03749824,-47.96999857,100% para Companhia Albertina Mercantil e Industrial - 71.320.857/0001-37 (REG),Sertãozinho
Santa Elisa - Unidade II,UTE.AI.SP.027537-9.1,UTE,Operação,Biomassa,Agroindustriais,Biomassa,Bagaço de Cana de Açúcar,2002-08-28,4000.0,-21.11899966,-47.99945455,100% para COMPANHIA ENERGETICA SANTA ELISA - 02.300.261/0001-52 (REG),Sertãozinho
São João da Boa Vista,UTE.AI.SP.027709-6.1,UTE,Operação,Biomassa,Agroindustriais,Biomassa,Bagaço de Cana de Açúcar,1997-01-01,70000.0,-21.972011,-46.796351,"100% para COX BIOENERGIA AGROINDUSTRIA LTDA - 06.252.818/0001-88 (PIE), 100% para COX BIOENERGIA AGROINDUSTRIA LTDA - 06.252.818/0002-69 (PIE)",São João da Boa Vista
Unialco,UTE.AI.SP.027750-9.1,UTE,Operação,Biomassa,Agroindustriais,Biomassa,Bagaço de Cana de Açúcar,1982-04-01,6800.0,-21.45893584,-50.79378571,100% para Viterra Bioenergia S.A. - 68.316.801/0001-02 (APE),Guararapes
Santa Cândida I,UTE.AI.SP.027767-3.1,UTE,Operação,Biomassa,Agroindustriais,Biomassa,Bagaço de Cana de Açúcar,2002-05-01,30000.0,-22.1056,-48.4817,"99.9900% para GERACAO BIOELETRICIDADE SANTA CANDIDA I S.A, - 12.990.881/0001-14 (PIE), 0.0100% para TONON BIOENERGIA S.A. - 07.914.230/0003-77 (PIE)",Bocaina
Ibitiúva Bioenergética (Antiga Destilaria Andrade),UTE.AI.SP.027768-1.1,UTE,Operação,Biomassa,Agroindustriais,Biomassa,Bagaço de Cana de Açúcar,1987-01-01,33000.0,-21.00128744,-48.27609011,100% para USINA ANDRADE LTDA - 65.783.548/0001-09 (PIE),Pitangueiras
Mandu,UTE.AI.SP.027787-8.1,UTE,Operação,Biomassa,Agroindustriais,Biomassa,Bagaço de Cana de Açúcar,2006-06-19,90000.0,-20.47900967,-48.40153455,100% para TEREOS ACUCAR E ENERGIA BRASIL S.A. - 47.080.619/0001-17 (PIE),Guaíra
Guarani Cruz Alta,UTE.AI.SP.027796-7.1,UTE,Operação,Biomassa,Agroindustriais,Biomassa,Bagaço de Cana de Açúcar,1982-02-18,64800.0,-20.68838,-49.11125,100% para TEREOS ACUCAR E ENERGIA BRASIL S.A. - 47.080.619/0001-17 (PIE),Olímpia
São José da Estiva,UTE.AI.SP.027814-9.1,UTE,Operação,Biomassa,Agroindustriais,Biomassa,Bagaço de Cana de Açúcar,1900-01-03,42500.0,-21.48722222,-49.18583333,100% para UTE SÃO JOSÉ DA ESTIVA S.A. - 12.013.814/0001-40 (PIE),Novo Horizonte
Bazan,UTE.AI.SP.027835-1.1,UTE,Operação,Biomassa,Agroindustriais,Biomassa,Bagaço de Cana de Açúcar,2001-05-20,75000.0,-21.0096722,-47.99237481,100% para USINA BAZAN SA - 55.109.565/0001-01 (APE),Pontal
Orsa,UTE.FL.SP.027846-7.2,UTE,Operação,Biomassa,Floresta,Biomassa,Lenha,1987-09-01,13100.0,-24.21308428,-48.93110036,100% para KLINGELE PAPER NOVA CAMPINA LTDA. - 32.779.402/0004-75 (APE),Nova Campina
São Domingos,UTE.AI.SP.027867-0.1,UTE,Operação,Biomassa,Agroindustriais,Biomassa,Bagaço de Cana de Açúcar,1990-01-01,12000.0,-21.09830805,-49.02051194,100% para USINA SAO DOMINGOS-ACUCAR E ETANOL S/A - 47.063.128/0001-68 (PIE),Catanduva
Moema,UTE.AI.SP.027886-6.1,UTE,Operação,Biomassa,Agroindustriais,Biomassa,Bagaço de Cana de Açúcar,1994-01-01,89000.0,-20.20183,-49.35565,100% para BUNGE AÇÚCAR E BIOENERGIA S.A. - 49.972.326/0001-70 (PIE),Orindiúva
Diana,UTE.AI.SP.027890-4.1,UTE,Operação,Biomassa,Agroindustriais,Biomassa,Bagaço de Cana de Açúcar,2000-06-28,6000.0,-21.40130021,-49.89350002,100% para DIANA BIOENERGIA AVANHANDAVA SA - 45.902.707/0001-21 (APE),Avanhandava
Água Bonita,UTE.AI.SP.027891-2.1,UTE,Operação,Biomassa,Agroindustriais,Biomassa,Bagaço de Cana de Açúcar,2006-06-02,17000.0,-22.74073355,-50.598509,100% para TERMELÉTRICA ÁGUA BONITA LTDA - 29.329.797/0001-57 (PIE),Tarumã
Destilaria Guaricanga,UTE.AI.SP.027894-7.1,UTE,Operação,Biomassa,Agroindustriais,Biomassa,Bagaço de Cana de Açúcar,2000-07-07,1600.0,-22.05632484,-49.32094528,100% para DESTILARIA GUARICANGA LTDA. - 47.807.797/0001-05 (REG),Presidente Alves
Destilaria Malosso,UTE.AI.SP.027895-5.1,UTE,Operação,Biomassa,Agroindustriais,Biomassa,Bagaço de Cana de Açúcar,2008-09-22,4000.0,-21.62772593,-48.83048282,100% para MALOSSO BIOENERGIA S.A - 49.976.251/0001-03 (REG),Itápolis
Coraci,UTE.AI.SP.027896-3.1,UTE,Operação,Biomassa,Agroindustriais,Biomassa,Bagaço de Cana de Açúcar,2000-07-07,1384.0,-22.67514966,-49.76271455,"100% para USINA CORACI DESTILARIA DE ALCOOL LTDA - 51.587.087/0001-86 (REG), 100% para USINA CORACI DESTILARIA DE ALCOOL LTDA - 51.587.087/0002-67 (REG)",São Pedro do Turvo
Benálcool,UTE.AI.SP.027906-4.1,UTE,Operação,Biomassa,Agroindustriais,Biomassa,Bagaço de Cana de Açúcar,2008-08-28,4200.0,-21.23071457,-50.77811977,100% para BENALCOOL ACUCAR E ALCOOL LTDA - 44.978.450/0001-29 (REG),Bento de Abreu
Santa Lúcia,UTE.AI.SP.027912-9.1,UTE,Operação,Biomassa,Agroindustriais,Biomassa,Bagaço de Cana de Açúcar,1999-10-11,4968.0,-22.33555556,-47.40833333,100% para Usina Santa Lúcia S.A. - 44.207.249/0001-48 (REG),Araras
Alcídia,UTE.AI.SP.027913-7.1,UTE,Operação,Biomassa,Agroindustriais,Biomassa,Bagaço de Cana de Açúcar,2010-12-24,38100.0,-22.34972019,-52.52397291,100% para ATVOS BIOENERGIA ALCIDIA S.A. - 46.448.270/0001-60 (PIE),Teodoro Sampaio
Bellão & Schiavon,UTE.AI.SP.027914-5.1,UTE,Operação,Biomassa,Agroindustriais,Biomassa,Bagaço de Cana de Açúcar,1999-10-11,650.0,-21.82747807,-47.24949879,100% para Destilaria Bellão &amp- Schiavon Ltda. - 56.783.061/0001-27 (REG),Santa Cruz das Palmeiras
Bela Vista,UTE.AI.SP.027917-0.1,UTE,Operação,Biomassa,Agroindustriais,Biomassa,Bagaço de Cana de Açúcar,1977-01-01,75000.0,-20.94366271,-48.08338624,100% para Usina Bela Vista S.A - 04.969.941/0001-99 (APE),Pontal
Itaiquara,UTE.AI.SP.027918-8.1,UTE,Operação,Biomassa,Agroindustriais,Biomassa,Bagaço de Cana de Açúcar,2014-06-02,3200.0,-21.47666667,-46.80583333,100% para ITAIQUARA ALIMENTOS S.A. EM RECUPERACAO JUDICIAL - 72.111.321/0001-74 (REG),Tapiratiba
Água Limpa,UTE.AI.SP.027919-6.1,UTE,Operação,Biomassa,Agroindustriais,Biomassa,Bagaço de Cana de Açúcar,2000-01-01,2760.0,-20.74808175,-49.71901433,100% para OESTE PAULISTA ADMINISTRACAO DE PATRIMONIO LTDA - 04.282.818/0001-03 (REG),Monte Aprazível
Santa Rosa,UTE.AI.SP.027920-0.1,UTE,Operação,Biomassa,Agroindustriais,Biomassa,Bagaço de Cana de Açúcar,1987-01-01,2760.0,-23.23833333,-47.613,100% para USINA SANTA ROSA LTDA EM RECUPERACAO JUDICIAL - 45.483.146/0001-73 (REG),Boituva
Santa Fé,UTE.AI.SP.027922-6.1,UTE,Operação,Biomassa,Agroindustriais,Biomassa,Bagaço de Cana de Açúcar,1976-05-01,22000.0,-21.81781325,-48.61221331,100% para USINA SANTA FE S/A. - 45.281.813/0001-35 (PIE),Nova Europa
Lwarcel,UTE.AI.SP.027923-4.1,UTE,Operação,Biomassa,Agroindustriais,Biomassa,Bagaço de Cana de Açúcar,1900-01-03,4000.0,-22.67212966,-48.81557455,100% para BRACELL SP CELULOSE LTDA - 53.943.098/0001-87 (REG),Lençóis Paulista
Santo Antônio,UTE.AI.SP.027924-2.1,UTE,Operação,Biomassa,Agroindustriais,Biomassa,Bagaço de Cana de Açúcar,1999-11-26,1160.0,-22.72372194,-47.64684611,100% para BAL - BRUNELLI AGRICULTURA LIMITADA - 54.360.607/0001-01 (REG),Piracicaba
Delos,UTE.AI.SP.027927-7.1,UTE,Operação,Biomassa,Agroindustriais,Biomassa,Bagaço de Cana de Açúcar,2000-07-07,700.0,-21.15500018,-47.92842991,100% para Destilaria Lopes da Silva Ltda. - 71.322.523/0001-00 (REG),Sertãozinho
Della Coletta,UTE.AI.SP.027929-3.1,UTE,Operação,Biomassa,Agroindustriais,Biomassa,Bagaço de Cana de Açúcar,2023-08-05,8600.0,-22.05759934,-48.71159955,100% para DELLA COLETTA BIOENERGIA S/A - 44.691.236/0001-97 (PIE),Bariri
Branco Peres,UTE.AI.SP.027947-1.1,UTE,Operação,Biomassa,Agroindustriais,Biomassa,Bagaço de Cana de Açúcar,2020-10-30,15000.0,-21.48777778,-51.02833333,100% para BRANCO PERES AGRO S/A - 43.619.832/0001-01 (PIE),Adamantina
Pederneiras,UTE.AI.SP.027949-8.1,UTE,Operação,Biomassa,Agroindustriais,Biomassa,Bagaço de Cana de Açúcar,2000-06-06,2400.0,-23.04944,-47.70765,100% para ZAMBIANCO - ACUCAR E ALCOOL LTDA. - 72.455.876/0001-33 (REG),Tietê
Gasa,UTE.AI.SP.027950-1.1,UTE,Operação,Biomassa,Agroindustriais,Biomassa,Bagaço de Cana de Açúcar,1996-01-01,78000.0,-20.76989996,-51.25869989,100% para BIOENERGIA GASA S.A. - 18.753.157/0001-53 (PIE),Andradina
Cocal,UTE.AI.SP.027974-9.1,UTE,Operação,Biomassa,Agroindustriais,Biomassa,Bagaço de Cana de Açúcar,1900-01-03,25000.0,-22.46995967,-50.77933455,100% para COCAL TERMOELETRICA S/A - 04.813.138/0001-60 (PIE),Paraguaçu Paulista
Dulcini,UTE.AI.SP.027977-3.1,UTE,Operação,Biomassa,Agroindustriais,Biomassa,Bagaço de Cana de Açúcar,2004-09-15,1851.2,-22.60321398,-46.92949216,100% para Dulcini S.A - 01.062.529/0021-46 (REG),Santo Antônio de Posse
Dacal,UTE.AI.SP.027999-4.1,UTE,Operação,Biomassa,Agroindustriais,Biomassa,Bagaço de Cana de Açúcar,2010-04-01,4400.0,-21.91459057,-50.86549965,100% para PARAPUA AGROINDUSTRIAL S/A - EM RECUPERACAO JUDICIAL - 07.969.961/0001-58 (REG),Parapuã
Guarani,UTE.AI.SP.028028-3.1,UTE,Operação,Biomassa,Agroindustriais,Biomassa,Bagaço de Cana de Açúcar,1980-01-01,9400.0,-20.82110014,-48.82270001,100% para TEREOS ACUCAR E ENERGIA BRASIL S.A. - 47.080.619/0001-17 (APE),Severínia
Catanduva I (Antiga Cerradinho),UTE.AI.SP.028042-9.1,UTE,Operação,Biomassa,Agroindustriais,Biomassa,Bagaço de Cana de Açúcar,2001-10-01,75000.0,-21.09656522,-48.93353455,100% para COFCO INTERNATIONAL BRASIL S.A. - 06.315.338/0001-19 (PIE),Catanduva
Bom Retiro,UTE.AI.SP.028043-7.1,UTE,Operação,Biomassa,Agroindustriais,Biomassa,Bagaço de Cana de Açúcar,2013-06-10,3600.0,-22.87330621,-47.45355109,100% para RAIZEN ENERGIA S.A - 08.070.508/0001-78 (REG),Capivari
Destil,UTE.AI.SP.028045-3.1,UTE,Operação,Biomassa,Agroindustriais,Biomassa,Bagaço de Cana de Açúcar,1981-12-01,8949.0,-21.19320283,-49.13722129,100% para USINA ITAJOBI LTDA - ACUCAR E ALCOOL - 43.533.819/0001-27 (APE),Marapoama
Fany,UTE.AI.SP.028046-1.1,UTE,Operação,Biomassa,Agroindustriais,Biomassa,Bagaço de Cana de Açúcar,2001-02-07,1200.0,-22.30909996,-51.2209999,100% para Destilaria Santa Fany Ltda - 43.010.636/0001-27 (REG),Regente Feijó
Pioneiros,UTE.AI.SP.028047-0.1,UTE,Operação,Biomassa,Agroindustriais,Biomassa,Bagaço de Cana de Açúcar,2006-07-01,32000.0,-20.72833333,-50.95972222,"73.9100% para Pioneiros Termoelétrica Sud Menucci S.A. - 10.235.063/0001-80 (PIE), 26.0900% para PIONEIROS BIOENERGIA S/A - 51.096.477/0001-53 (PIE)",Sud Mennucci
Sobar,UTE.AI.SP.028048-8.1,UTE,Operação,Biomassa,Agroindustriais,Biomassa,Bagaço de Cana de Açúcar,2001-02-07,3864.0,-22.6777,-49.4202,100% para SOBAR S/A ALCOOL E DERIVADOS - 49.630.262/0001-29 (REG),Espírito Santo do Turvo
Alcomira,UTE.AI.SP.028049-6.1,UTE,Operação,Biomassa,Agroindustriais,Biomassa,Bagaço de Cana de Açúcar,2001-02-07,2400.0,-21.19895932,-51.21635575,100% para Alcomira S.A - 51.097.582/0001-07 (REG),Mirandopólis
Londra,UTE.AI.SP.028050-0.1,UTE,Operação,Biomassa,Agroindustriais,Biomassa,Bagaço de Cana de Açúcar,2006-04-01,3880.0,-23.52433367,-48.92872555,"100% para LONDRA ACUCAR E ALCOOL LTDA - 49.605.157/0001-30 (REG), 100% para LONDRA ACUCAR E ALCOOL LTDA - 49.605.157/0002-10 (REG)",Itaí
Decasa,UTE.AI.SP.028051-8.1,UTE,Operação,Biomassa,Agroindustriais,Biomassa,Bagaço de Cana de Açúcar,2004-01-01,33000.0,-22.7673489,-50.11279597,100% para ENERCASA - ENERGIA CAIUA S/A - 09.217.210/0001-00 (PIE),Ibirarema
Ferrari,UTE.AI.SP.028058-5.1,UTE,Operação,Biomassa,Agroindustriais,Biomassa,Bagaço de Cana de Açúcar,1982-01-01,72500.0,-21.84494932,-47.3602798,100% para FERRARI TERMOELETRICA S/A - 08.791.234/0001-06 (PIE),Pirassununga
Generalco,UTE.AI.SP.028059-3.1,UTE,Operação,Biomassa,Agroindustriais,Biomassa,Bagaço de Cana de Açúcar,2001-02-19,3800.0,-20.57509978,-50.38439989,100% para DESTILARIA GENERALCO S/A - - 44.845.915/0001-73 (REG),General Salgado
São Luiz,UTE.AI.SP.028060-7.1,UTE,Operação,Biomassa,Agroindustriais,Biomassa,Bagaço de Cana de Açúcar,2001-05-01,20000.0,-22.94083333,-49.77,100% para USINA SAO LUIZ S A - 53.408.860/0001-25 (APE),Ourinhos
Panorâmica,UTE.AI.SP.028062-3.1,UTE,Operação,Biomassa,Agroindustriais,Biomassa,Bagaço de Cana de Açúcar,1995-01-01,3700.0,-23.50046108,-49.03805856,100% para INDUSTRIA E COMERCIO IRACEMA LTDA - 53.906.384/0001-72 (REG),Itaí
Casa de Força,UTE.AI.SP.028063-1.1,UTE,Operação,Biomassa,Agroindustriais,Biomassa,Bagaço de Cana de Açúcar,2014-05-01,16400.0,-20.23456566,-50.34386732,100% para ALCOESTE BIOENERGIA FERNANDOPOLIS S.A - 43.545.284/0001-04 (APE),Fernandópolis
Nova Tamoio,UTE.AI.SP.028065-8.1,UTE,Operação,Biomassa,Agroindustriais,Biomassa,Bagaço de Cana de Açúcar,2010-09-22,6600.0,-21.9130997,-48.11468741,100% para RAIZEN ENERGIA S.A - 08.070.508/0001-78 (APE),Araraquara
Dois Córregos,UTE.AI.SP.028072-0.1,UTE,Operação,Biomassa,Agroindustriais,Biomassa,Bagaço de Cana de Açúcar,2001-03-07,6500.0,-22.33879999,-48.40660002,100% para RAIZEN ENERGIA S.A - 08.070.508/0001-78 (APE),Dois Córregos
Sguário Itapeva,UTE.FL.SP.028073-9.1,UTE,Operação,Biomassa,Floresta,Biomassa,Resíduos Florestais,2008-10-15,2708.0,-24.18662966,-48.96344455,100% para SGUARIO INDUSTRIA DE MADEIRAS LTDA. - 59.876.086/0001-63 (REG),Nova Campina
Raízen Paraguaçu,UTE.AI.SP.028078-0.1,UTE,Operação,Biomassa,Agroindustriais,Biomassa,Bagaço de Cana de Açúcar,2001-03-13,14000.0,-22.46577992,-50.49197002,100% para Raizen Paraguaçu LTDA - 52.189.420/0001-61 (APE),Paraguaçu Paulista
Catanduva,UTE.AI.SP.028093-3.1,UTE,Operação,Biomassa,Agroindustriais,Biomassa,Bagaço de Cana de Açúcar,2003-09-23,12000.0,-21.12949076,-48.835848,100% para VIRGOLINO DE OLIVEIRA BIOENERGIA LTDA - 27.119.194/0001-03 (APE),Ariranha
Colorado,UTE.AI.SP.028094-1.1,UTE,Operação,Biomassa,Agroindustriais,Biomassa,Bagaço de Cana de Açúcar,1981-08-01,56715.0,-20.27920967,-48.17553455,100% para ACUCAR E ETANOL OSWALDO RIBEIRO DE MENDONCA S.A. - 51.990.778/0001-26 (PIE),Guaíra
Tarumã (Antiga Nova América),UTE.AI.SP.028096-8.1,UTE,Operação,Biomassa,Agroindustriais,Biomassa,Bagaço de Cana de Açúcar,2001-05-20,27500.0,-22.78500529,-50.54834123,100% para BIOENERGIA TARUMA LTDA. - 19.173.220/0001-45 (PIE),Tarumã
Equipav,UTE.AI.SP.028101-8.1,UTE,Operação,Biomassa,Agroindustriais,Biomassa,Bagaço de Cana de Açúcar,2002-10-01,58400.0,-21.56073371,-49.86998663,100% para RENUKA DO BRASIL S.A. - EM RECUPERACAO JUDICIAL - 43.932.102/0001-58 (PIE),Promissão
São Francisco,UTE.AI.SP.028178-6.1,UTE,Operação,Biomassa,Agroindustriais,Biomassa,Bagaço de Cana de Açúcar,1986-01-01,4200.0,-23.07075,-47.37063,100% para RAIZEN ENERGIA S.A - 08.070.508/0001-78 (REG),Elias Fausto
Santa Rita,UTE.AI.SP.028189-1.1,UTE,Operação,Biomassa,Agroindustriais,Biomassa,Bagaço de Cana de Açúcar,1978-01-01,6400.0,-21.72036753,-47.64046316,100% para USINA SANTA RITA S/A ACUCAR E ALCOOL EM RECUPERACAO JUDICIAL - 45.353.547/0001-09 (APE),Santa Rita do Passa Quatro
Usina da Serra,UTE.AI.SP.028209-0.1,UTE,Operação,Biomassa,Agroindustriais,Biomassa,Bagaço de Cana de Açúcar,2002-05-20,16200.0,-22.00950967,-47.99263455,100% para RAIZEN ENERGIA S.A - 08.070.508/0001-78 (PIE),Ibaté
Santa Helena,UTE.AI.SP.028213-8.1,UTE,Operação,Biomassa,Agroindustriais,Biomassa,Bagaço de Cana de Açúcar,1990-01-01,4800.0,-22.79888889,-47.66111111,100% para RAIZEN ENERGIA S.A - 08.070.508/0001-78 (REG),Rio das Pedras
Mumbuca,UTE.AI.SP.028217-0.1,UTE,Operação,Biomassa,Agroindustriais,Biomassa,Bagaço de Cana de Açúcar,2002-01-01,1520.0,-22.66365,-50.21668,100% para Destilaria Pyles Ltda - 49.381.734/0001-57 (REG),Platina
Costa Pinto,UTE.AI.SP.028221-9.1,UTE,Operação,Biomassa,Agroindustriais,Biomassa,Bagaço de Cana de Açúcar,1977-05-01,75000.0,-22.63570967,-47.67492455,100% para RAIZEN ENERGIA S.A - 08.070.508/0001-78 (PIE),Piracicaba
PCT Barueri Biogás,UTE.RU.SP.028223-5.1,UTE,Operação,Biomassa,Resíduos sólidos urbanos,Biogás,Biogás - RU,2002-01-31,2601.0,-23.52250093,-46.83555583,100% para COMPANHIA DE SANEAMENTO BASICO DO ESTADO DE SAO PAULO - SABESP - 43.776.517/0001-80 (REG),Carapicuíba
Santa Elisa - Unidade I,UTE.AI.SP.028232-4.1,UTE,Operação,Biomassa,Agroindustriais,Biomassa,Bagaço de Cana de Açúcar,2002-08-28,58000.0,-21.10566967,-48.06798455,100% para RAIZEN CENTRO-SUL PAULISTA S.A - 49.213.747/0118-28 (PIE),Sertãozinho
Moreno,UTE.AI.SP.028236-7.1,UTE,Operação,Biomassa,Agroindustriais,Biomassa,Bagaço de Cana de Açúcar,1994-01-01,10000.0,-21.48338225,-47.76943429,100% para Central Energética Moreno Açúcar e Álcool Ltda - 45.765.914/0001-81 (APE),Luís Antônio
Citrosuco,UTE.AI.SP.028237-5.1,UTE,Operação,Biomassa,Agroindustriais,Biomassa,Bagaço de Cana de Açúcar,1985-01-01,7000.0,-21.59470567,-48.36364455,100% para CITROSUCO S/A AGROINDÚSTRIA - 33.010.786/0001-87 (APE),Matão
Clealco Clementina,UTE.AI.SP.028247-2.1,UTE,Operação,Biomassa,Agroindustriais,Biomassa,Bagaço de Cana de Açúcar,1983-07-01,11200.0,-21.57972222,-50.43166667,100% para Clealco Açúcar e Álcool Ltda - 45.483.450/0001-10 (APE),Clementina
Quatá,UTE.AI.SP.028288-0.1,UTE,Operação,Biomassa,Agroindustriais,Biomassa,Bagaço de Cana de Açúcar,1999-01-01,56078.0,-22.24911111,-50.6525,100% para ACUCAREIRA QUATA S/A - 60.855.574/0001-73 (APE),Quatá
Zanin,UTE.AI.SP.028325-8.1,UTE,Operação,Biomassa,Agroindustriais,Biomassa,Bagaço de Cana de Açúcar,1983-01-01,16000.0,-21.79036,-48.17444,100% para RAIZEN ENERGIA S.A - 08.070.508/0001-78 (PIE),Araraquara
Coinbra - Frutesp,UTE.AI.SP.028328-2.1,UTE,Operação,Biomassa,Agroindustriais,Biomassa,Bagaço de Cana de Açúcar,2001-11-26,5000.0,-20.92946223,-48.5072133,100% para Louis Dreyfus Commodities Agroindustrial S.A. - 00.831.373/0001-04 (REG),Bebedouro
Nobrecel,UTE.FL.SP.028336-3.1,UTE,Operação,Biomassa,Floresta,Biomassa,Licor Negro,2001-09-26,3200.0,-22.92666889,-45.46204889,100% para NOBRECEL S/A CELULOSE E PAPEL - 47.693.270/0001-99 (REG),Pindamonhangaba
Santa Maria de Lençóis,UTE.AI.SP.028337-1.1,UTE,Operação,Biomassa,Agroindustriais,Biomassa,Bagaço de Cana de Açúcar,2008-04-01,3040.0,-22.58944444,-48.77638889,100% para DESTILARIA SANTA MARIA S/A - 51.423.085/0001-51 (REG),Lençóis Paulista
Santo Antônio,UTE.AI.SP.028344-4.1,UTE,Operação,Biomassa,Agroindustriais,Biomassa,Bagaço de Cana de Açúcar,1990-01-01,23000.0,-21.11628967,-47.95136455,100% para USINA SANTO ANTONIO S/A - 71.324.784/0001-51 (PIE),Sertãozinho
UFA,UTE.AI.SP.028366-5.1,UTE,Operação,Biomassa,Agroindustriais,Biomassa,Bagaço de Cana de Açúcar,1997-06-01,28700.0,-21.86566667,-51.26058333,100% para USINA ALTO ALEGRE S/A - AÇÚCAR E ÁLCOOL - 48.295.562/0001-36 (PIE),Presidente Prudente
Santa Isabel,UTE.AI.SP.028401-7.1,UTE,Operação,Biomassa,Agroindustriais,Biomassa,Bagaço de Cana de Açúcar,1980-08-01,44000.0,-21.50855556,-49.21244444,100% para HORIZONTE BIOENERGIA LTDA - 47.399.136/0001-80 (PIE),Novo Horizonte
Santa Clara,UTE.AI.SP.028403-3.1,UTE,Operação,Biomassa,Agroindustriais,Biomassa,Bagaço de Cana de Açúcar,2001-12-13,302.0,-21.242395,-48.23506194,100% para Destilaria Santa Clara Ltda - 56.732.928/0001-15 (REG),Jaboticabal
Santa Hermínia,UTE.AI.SP.028452-1.1,UTE,Operação,Biomassa,Agroindustriais,Biomassa,Bagaço de Cana de Açúcar,2001-12-29,1200.0,-22.81454306,-50.079125,100% para Usina Santa Hermínia S.A - 49.131.469/0001-59 (REG),Ibirarema
Cevasa,UTE.AI.SP.028458-0.1,UTE,Operação,Biomassa,Agroindustriais,Biomassa,Bagaço de Cana de Açúcar,2006-03-01,54000.0,-20.74780967,-47.42183455,100% para CENTRAL ENERGETICA VALE DO SAPUCAI LTDA - 00.372.496/0001-24 (APE),Patrocínio Paulista
Cooperfrigo,UTE.AI.SP.028459-9.1,UTE,Operação,Biomassa,Agroindustriais,Biomassa,Bagaço de Cana de Açúcar,2001-08-01,4000.0,-21.56051433,-49.8698453,100% para Cooperativa de Autogestionária dos Trabalhadores na Produção Frigorífica - 04.073.567/0001-49 (REG),Promissão
Destivale,UTE.AI.SP.028460-2.1,UTE,Operação,Biomassa,Agroindustriais,Biomassa,Bagaço de Cana de Açúcar,2012-12-21,5000.0,-21.05867212,-50.46474346,100% para RAIZEN ENERGIA S.A - 08.070.508/0001-78 (REG),Araçatuba
Grizzo,UTE.AI.SP.028461-0.1,UTE,Operação,Biomassa,Agroindustriais,Biomassa,Bagaço de Cana de Açúcar,2002-01-04,1968.0,-22.23870689,-48.47626309,100% para DESTILARIA GRIZZO LTDA - 50.749.399/0001-86 (REG),Jaú
Vista Alegre,UTE.AI.SP.028462-9.1,UTE,Operação,Biomassa,Agroindustriais,Biomassa,Bagaço de Cana de Açúcar,2010-03-25,60000.0,-23.48905967,-48.12474455,100% para AGROINDUSTRIAL VISTA ALEGRE S.A. - 44.836.856/0001-77 (PIE),Itapetininga
Aralco,UTE.AI.SP.028488-2.1,UTE,Operação,Biomassa,Agroindustriais,Biomassa,Bagaço de Cana de Açúcar,2002-02-15,4800.0,-20.90855285,-50.41105429,100% para ARALCO S A - INDUSTRIA E COMERCIO - 51.086.080/0001-80 (REG),Santo Antônio do Aracanguá
Lwarcel (Antiga Lençóis Paulista),UTE.FL.SP.028620-6.1,UTE,Operação,Biomassa,Floresta,Biomassa,Licor Negro,1987-01-01,36420.0,-22.54420136,-48.80893024,100% para BRACELL SP CELULOSE LTDA - 53.943.098/0001-87 (PIE),Lençóis Paulista
São João Biogás,UTE.RU.SP.028648-6.1,UTE,Operação,Biomassa,Resíduos sólidos urbanos,Biogás,Biogás - RU,2008-03-27,24640.0,-23.63489867,-46.41525655,100% para SAO JOAO ENERGIA AMBIENTAL S/A - 06.215.456/0001-55 (PIE),São Paulo
Energ-Biog,UTE.RU.SP.028686-9.1,UTE,Operação,Biomassa,Resíduos sólidos urbanos,Biogás,Biogás - RU,2002-12-18,30.0,-23.51100001,-46.87599998,100% para BIOMASS USERS NETWORK DO BRASIL - 71.721.336/0001-91 (REG),Barueri
Gaseifamaz I,UTE.FL.SP.028687-7.1,UTE,Operação,Biomassa,Floresta,Biomassa,Resíduos Florestais,2003-05-20,27.0,-23.54800716,-46.6360286,100% para BIOMASS USERS NETWORK DO BRASIL - 71.721.336/0001-91 (REG),São Paulo
Artivinco (Antiga Rio Pardo),UTE.AI.SP.028815-2.1,UTE,Operação,Biomassa,Agroindustriais,Biomassa,Bagaço de Cana de Açúcar,2002-12-23,4500.0,-21.43658795,-47.34203135,100% para INDUSTRIA DE PAPEIS E EMBALAGENS MAREA LINEA LTDA - 04.783.459/0001-60 (REG),Santa Rosa de Viterbo
Pitangueiras,UTE.AI.SP.028859-4.1,UTE,Operação,Biomassa,Agroindustriais,Biomassa,Bagaço de Cana de Açúcar,2002-05-02,25000.0,-21.05223466,-48.26262373,100% para PITANGUEIRAS AÇÚCAR E ÁLCOOL LTDA - 44.870.939/0001-82 (APE),Pitangueiras
Diamante,UTE.AI.SP.028893-4.1,UTE,Operação,Biomassa,Agroindustriais,Biomassa,Bagaço de Cana de Açúcar,1989-01-01,7000.0,-22.3695325,-48.68796553,100% para RAIZEN ENERGIA S.A - 08.070.508/0001-78 (PIE),Jaú
São José Colina,UTE.AI.SP.028975-2.1,UTE,Operação,Biomassa,Agroindustriais,Biomassa,Bagaço de Cana de Açúcar,2008-09-23,83000.0,-20.66194444,-48.53388889,100% para TEREOS ACUCAR E ENERGIA BRASIL S.A. - 47.080.619/0001-17 (PIE),Colina
J. L. G.,UTE.AI.SP.029131-5.1,UTE,Operação,Biomassa,Agroindustriais,Biomassa,Bagaço de Cana de Açúcar,2007-08-07,1600.0,-21.51480389,-48.40024306,100% para KB CITRUS AGROINDÚSTRIA LTDA. - 00.521.390/0001-45 (REG),Dobrada
Canaã,UTE.AI.SP.029138-2.1,UTE,Operação,Biomassa,Agroindustriais,Biomassa,Bagaço de Cana de Açúcar,2006-08-08,30000.0,-22.94271999,-47.60201,100% para COCAL UTE PPT LTDA - 50.223.108/0001-11 (PIE),Paraguaçu Paulista
Coinbra - Frutesp,UTE.AI.SP.029168-4.1,UTE,Operação,Biomassa,Agroindustriais,Biomassa,Bagaço de Cana de Açúcar,2004-12-13,8000.0,-21.63349347,-48.34211234,100% para Louis Dreyfus Commodities Agroindustrial S.A. - 00.831.373/0001-04 (APE),Matão
Müller Destilaria,UTE.AI.SP.029196-0.1,UTE,Operação,Biomassa,Agroindustriais,Biomassa,Bagaço de Cana de Açúcar,2004-06-17,2180.0,-21.91805555,-47.50694444,100% para COMPANHIA MULLER DE BEBIDAS - 03.485.775/0001-92 (REG),Porto Ferreira
Fartura,UTE.AI.SP.029203-6.1,UTE,Operação,Biomassa,Agroindustriais,Biomassa,Bagaço de Cana de Açúcar,2006-09-23,62000.0,-21.1528,-49.61139999,100% para MENDONCA BIOENERGIA LTDA - 47.398.799/0001-80 (PIE),Mendonça
Vertente,UTE.AI.SP.029270-2.1,UTE,Operação,Biomassa,Agroindustriais,Biomassa,Bagaço de Cana de Açúcar,2005-06-01,53000.0,-20.40150967,-48.99113455,100% para USINA VERTENTE LTDA. - 05.242.560/0001-76 (PIE),Guaraci
Ouroeste,UTE.AI.SP.029292-3.1,UTE,Operação,Biomassa,Agroindustriais,Biomassa,Bagaço de Cana de Açúcar,2008-05-06,12000.0,-19.92249,-50.40199,100% para Usina Ouroeste Açúcar e Álcool Ltda - 05.553.456/0001-00 (PIE),Ouroeste
Bertolo Açúcar e Álcool,UTE.AI.SP.029382-2.1,UTE,Operação,Biomassa,Agroindustriais,Biomassa,Bagaço de Cana de Açúcar,2001-04-20,3800.0,-21.09963194,-48.66984194,100% para Usina Bertolo Açúcar e Álcool Ltda. - 56.706.278/0002-14 (REG),Pirangi
Cerba,UTE.AI.SP.029422-5.1,UTE,Operação,Biomassa,Agroindustriais,Biomassa,Bagaço de Cana de Açúcar,2003-01-10,360.0,-22.73878744,-47.56453455,100% para CERBA DESTILARIA DE ALCOOL LTDA - EM RECUPERACAO JUDICIAL - 53.653.242/0001-40 (REG),Piracicaba
Interlagos,UTE.AI.SP.029461-6.1,UTE,Operação,Biomassa,Agroindustriais,Biomassa,Bagaço de Cana de Açúcar,2007-05-31,40000.0,-20.52648189,-51.23453455,100% para Termoelétrica Interlagos Ltda - 14.827.148/0001-09 (PIE),Pereira Barreto
Buriti,UTE.AI.SP.029527-2.1,UTE,Operação,Biomassa,Agroindustriais,Biomassa,Bagaço de Cana de Açúcar,2004-05-01,5000.0,-20.21832164,-47.65333365,100% para PEDRA AGROINDUSTRIAL S/A - 71.304.687/0001-05 (REG),Buritizal
Córrego Azul,UTE.AI.SP.029532-9.1,UTE,Operação,Biomassa,Agroindustriais,Biomassa,Bagaço de Cana de Açúcar,2004-04-01,520.0,-21.55580967,-49.85853455,100% para Destilaria Córrego Azul Ltda - 47.427.257/0001-98 (REG),Promissão
Citrovita Catanduva,UTE.AI.SP.029572-8.1,UTE,Operação,Biomassa,Agroindustriais,Biomassa,Bagaço de Cana de Açúcar,2011-03-11,15000.0,-21.13400967,-48.96353455,100% para CITROSUCO S/A AGROINDÚSTRIA - 33.010.786/0001-87 (APE),Catanduva
TGN,UTE.AI.SP.029632-5.1,UTE,Operação,Biomassa,Agroindustriais,Biomassa,Bagaço de Cana de Açúcar,2001-01-01,1200.0,-23.08722,-49.16841,100% para TGM Indústria e Comércio de Álcool e Aguardente Ltda. - 47.233.416/0001-13 (REG),Cerqueira César
Iacanga,UTE.AI.SP.029636-8.1,UTE,Operação,Biomassa,Agroindustriais,Biomassa,Bagaço de Cana de Açúcar,2010-04-07,53000.0,-21.7971775,-49.01213105,100% para IPIRANGA BIOENERGIA IACANGA S/A - 25.206.734/0001-52 (PIE),Iacanga
Pioneiros II,UTE.AI.SP.029642-2.1,UTE,Operação,Biomassa,Agroindustriais,Biomassa,Bagaço de Cana de Açúcar,2013-09-27,35000.0,-20.72628744,-50.95253455,"80.6500% para Pioneiros Termoelétrica Ilha Solteira S.A. - 10.235.093/0001-97 (PIE), 19.3500% para PIONEIROS BIOENERGIA S/A - 51.096.477/0001-53 (PIE)",Sud Mennucci
Nova Moreno,UTE.AI.SP.029645-7.1,UTE,Operação,Biomassa,Agroindustriais,Biomassa,Bagaço de Cana de Açúcar,2005-04-20,15504.0,-20.82783,-49.76524,100% para CENTRAL ENERGETICA MORENO DE MONTE APRAZIVEL ACUCAR E ALCOOL LTDA. - 04.171.382/0001-77 (APE),Monte Aprazível
Potirendaba I (Antiga Cerradinho Potirendaba),UTE.AI.SP.029655-4.1,UTE,Operação,Biomassa,Agroindustriais,Biomassa,Bagaço de Cana de Açúcar,2008-08-01,40200.0,-21.09992467,-49.31767555,100% para COFCO INTERNATIONAL BRASIL S.A. - 06.315.338/0001-19 (PIE),Potirendaba
Pau D´Alho,UTE.AI.SP.029657-0.1,UTE,Operação,Biomassa,Agroindustriais,Biomassa,Bagaço de Cana de Açúcar,2006-06-15,4160.0,-22.76501111,-50.11046389,100% para USINA PAU D'ALHO S/A FALIDO - 43.204.643/0001-60 (REG),Ibirarema
Bonfim,UTE.AI.SP.029665-1.1,UTE,Operação,Biomassa,Agroindustriais,Biomassa,Bagaço de Cana de Açúcar,2010-06-12,111000.0,-21.41380967,-48.27863455,100% para BIOENERGIA BARRA LTDA. - 18.788.137/0001-18 (PIE),Guariba
Vale,UTE.AI.SP.029678-3.1,UTE,Operação,Biomassa,Agroindustriais,Biomassa,Bagaço de Cana de Açúcar,1994-04-29,10000.0,-20.59804967,-49.19000455,100% para ONDA VERDE AGROCOMERCIAL S/A - 04.248.044/0001-96 (PIE),Onda Verde
Cocal II,UTE.AI.SP.029713-5.1,UTE,Operação,Biomassa,Agroindustriais,Biomassa,Bagaço de Cana de Açúcar,2010-01-07,40000.0,-22.52680631,-51.49399883,100% para USINA TERMELETRICA G1 NRD LTDA - 52.877.188/0001-54 (PIE),Narandiba
Equipav II,UTE.AI.SP.029765-8.1,UTE,Operação,Biomassa,Agroindustriais,Biomassa,Bagaço de Cana de Açúcar,2008-12-19,80000.0,-21.56020309,-49.86948456,100% para RENUKA GERADORA DE ENERGIA ELETRICA LTDA EM RECUPERACAO JUDICIAL EM RECUPERACAO JUDICIAL - 45.898.574/0001-67 (PIE),Promissão
Guariroba,UTE.AI.SP.029766-6.1,UTE,Operação,Biomassa,Agroindustriais,Biomassa,Bagaço de Cana de Açúcar,2009-08-01,12000.0,-20.11378297,-49.76029594,100% para Usina Guariroba Ltda. - 07.398.533/0001-12 (APE),Pontes Gestal
Da Mata,UTE.AI.SP.029774-7.1,UTE,Operação,Biomassa,Agroindustriais,Biomassa,Bagaço de Cana de Açúcar,2022-03-22,50000.0,-21.05089555,-50.84410833,100% para DA MATA S.A. - ACUCAR E ALCOOL - 08.110.543/0001-73 (PIE),Valparaíso
Sebastianópolis I (Antiga Noroeste Paulista),UTE.AI.SP.029775-5.1,UTE,Operação,Biomassa,Agroindustriais,Biomassa,Bagaço de Cana de Açúcar,2009-11-27,68000.0,-20.58104577,-49.94241511,100% para COFCO INTERNATIONAL BRASIL S.A. - 06.315.338/0001-19 (PIE),Sebastianópolis do Sul
Monções,UTE.AI.SP.029779-8.1,UTE,Operação,Biomassa,Agroindustriais,Biomassa,Bagaço de Cana de Açúcar,2010-09-24,22000.0,-20.86324,-50.07932,100% para Açucareira Virgolino de Oliveira S.A. - 07.024.792/0001-83 (PIE),Monções
Louis Dreyfus Commodities Agroindustrial,UTE.AI.SP.029903-0.1,UTE,Operação,Biomassa,Agroindustriais,Biomassa,Bagaço de Cana de Açúcar,2008-09-26,4000.0,-23.64608966,-46.63864455,100% para Louis Dreyfus Commodities Agroindustrial S.A. - 00.831.373/0001-04 (REG),São Paulo
Virgolino de Oliveira - Fazenda Canoas,UTE.AI.SP.029904-9.1,UTE,Operação,Biomassa,Agroindustriais,Biomassa,Bagaço de Cana de Açúcar,1900-01-03,5000.0,-21.08611111,-49.92194444,100% para Açucareira Virgolino de Oliveira S.A. - 07.024.792/0001-83 (REG),José Bonifácio
Agroalcool,UTE.AI.SP.029929-4.1,UTE,Operação,Biomassa,Agroindustriais,Biomassa,Bagaço de Cana de Açúcar,2008-10-07,1200.0,-20.73729241,-49.76592696,100% para Destilaria Agroalcool Ltda. - 07.708.990/0001-66 (REG),Monte Aprazível
Sebastianópolis II (Antiga Noble Energia),UTE.AI.SP.030004-7.1,UTE,Operação,Biomassa,Agroindustriais,Biomassa,Bagaço de Cana de Açúcar,2010-01-16,30000.0,-20.58104577,-49.94241511,100% para COFCO INTERNATIONAL BRASIL S.A. - 06.315.338/0001-19 (PIE),Sebastianópolis do Sul
Conquista do Pontal,UTE.AI.SP.030024-1.1,UTE,Operação,Biomassa,Agroindustriais,Biomassa,Bagaço de Cana de Açúcar,2010-07-22,110000.0,-22.12020967,-51.75683455,100% para ATVOS BIOENERGIA CONQUISTA DO PONTAL S.A. - 07.298.800/0001-80 (PIE),Mirante do Paranapanema
Guaíra Energética,UTE.AI.SP.030026-8.1,UTE,Operação,Biomassa,Agroindustriais,Biomassa,Bagaço de Cana de Açúcar,2010-06-10,55000.0,-20.4184,-48.2114,100% para Central Energética Guaíra Ltda. - 09.270.654/0001-00 (PIE),Guaíra
Colombo Palestina,UTE.AI.SP.030032-2.1,UTE,Operação,Biomassa,Agroindustriais,Biomassa,Bagaço de Cana de Açúcar,2007-05-28,40000.0,-20.31065667,-49.58983055,100% para COLOMBO BIOENERGIA S.A. UTE 3 - 36.521.204/0001-15 (PIE),Palestina
Clealco Queiroz,UTE.AI.SP.030036-5.1,UTE,Operação,Biomassa,Agroindustriais,Biomassa,Bagaço de Cana de Açúcar,2010-04-10,45000.0,-21.85030967,-50.24723455,100% para Clealco Açúcar e Álcool Ltda - 45.483.450/0001-10 (PIE),Queiroz
Barra Bioenergia,UTE.AI.SP.030047-0.1,UTE,Operação,Biomassa,Agroindustriais,Biomassa,Bagaço de Cana de Açúcar,2010-07-15,136000.0,-22.47792063,-48.53199852,100% para BIOENERGIA BARRA LTDA. - 18.788.137/0001-18 (PIE),Barra Bonita
Rio Pardo,UTE.AI.SP.030065-9.1,UTE,Operação,Biomassa,Agroindustriais,Biomassa,Bagaço de Cana de Açúcar,2009-10-31,60000.0,-23.0618,-49.1264,100% para AVARE TERMOELETRICA LTDA - 18.811.751/0001-53 (PIE),Cerqueira César
Guarani - Tanabi,UTE.AI.SP.030095-0.1,UTE,Operação,Biomassa,Agroindustriais,Biomassa,Bagaço de Cana de Açúcar,2014-05-15,38000.0,-20.48622531,-49.53904795,100% para TEREOS ACUCAR E ENERGIA BRASIL S.A. - 47.080.619/0001-17 (PIE),Tanabi
Biolins,UTE.AI.SP.030125-6.1,UTE,Operação,Biomassa,Agroindustriais,Biomassa,Bagaço de Cana de Açúcar,2010-02-27,44000.0,-21.67627753,-49.78065823,100% para JBS S/A - 02.916.265/0001-60 (APE),Lins
Monterey,UTE.AI.SP.030162-0.1,UTE,Operação,Biomassa,Agroindustriais,Biomassa,Bagaço de Cana de Açúcar,2017-11-27,8000.0,-21.20628744,-49.73164566,100% para TIETE AGROINDUSTRIAL S.A. - 51.843.514/0001-40 (APE),Paraíso
Baldin,UTE.AI.SP.030169-8.1,UTE,Operação,Biomassa,Agroindustriais,Biomassa,Bagaço de Cana de Açúcar,2010-08-27,45000.0,-21.98752131,-47.45007137,100% para CPFL BIOENERGIA LTDA. - 07.693.890/0001-03 (PIE),Pirassununga
Mundial,UTE.AI.SP.030192-2.1,UTE,Operação,Biomassa,Agroindustriais,Biomassa,Bagaço de Cana de Açúcar,2008-08-01,4650.0,-21.19722223,-51.215,100% para RAIZEN ENERGIA S.A - 08.070.508/0001-78 (REG),Mirandópolis
Ipaussu Bioenergia,UTE.AI.SP.030199-0.1,UTE,Operação,Biomassa,Agroindustriais,Biomassa,Bagaço de Cana de Açúcar,2011-11-09,76000.0,-23.09573189,-49.58359011,100% para BIOENERGIA BARRA LTDA. - 18.788.137/0001-18 (PIE),Ipauçu
Univalem Bioenergia,UTE.AI.SP.030264-3.1,UTE,Operação,Biomassa,Agroindustriais,Biomassa,Bagaço de Cana de Açúcar,2012-07-31,75000.0,-21.32450477,-50.949413,100% para RAIZEN ENERGIA S.A - 08.070.508/0001-78 (PIE),Valparaíso
Colombo Santa Albertina,UTE.AI.SP.030267-8.1,UTE,Operação,Biomassa,Agroindustriais,Biomassa,Bagaço de Cana de Açúcar,2009-06-01,50000.0,-20.03608642,-50.66621362,100% para COLOMBO BIOENERGIA S.A. UTE 4 - 36.584.315/0001-70 (PIE),Santa Albertina
Ipê (Antiga Ceni),UTE.AI.SP.030268-6.1,UTE,Operação,Biomassa,Agroindustriais,Biomassa,Bagaço de Cana de Açúcar,2012-05-17,25000.0,-21.10037467,-51.48213455,100% para CENI - CENTRAL ENERGETICA NOVA INDEPENDENCIA S/A - 10.746.559/0001-19 (PIE),Nova Independência
José Bonifácio,UTE.AI.SP.030270-8.1,UTE,Operação,Biomassa,Agroindustriais,Biomassa,Bagaço de Cana de Açúcar,2006-05-01,19000.0,-21.08203967,-49.91196355,100% para Açucareira Virgolino de Oliveira S.A. - 07.024.792/0001-83 (APE),José Bonifácio
Meridiano II (Antiga Noble Energia II),UTE.AI.SP.030271-6.1,UTE,Operação,Biomassa,Agroindustriais,Biomassa,Bagaço de Cana de Açúcar,2012-07-31,30000.0,-20.35411,-50.18183194,100% para COFCO INTERNATIONAL BRASIL S.A. - 06.315.338/0001-19 (PIE),Meridiano
Meridiano I (Antiga Meridiano),UTE.AI.SP.030303-8.1,UTE,Operação,Biomassa,Agroindustriais,Biomassa,Bagaço de Cana de Açúcar,2012-07-31,60000.0,-20.35411,-50.18183194,100% para COFCO INTERNATIONAL BRASIL S.A. - 06.315.338/0001-19 (PIE),Meridiano
Coplasa,UTE.AI.SP.030395-0.1,UTE,Operação,Biomassa,Agroindustriais,Biomassa,Bagaço de Cana de Açúcar,2007-01-01,10000.0,-21.02856267,-49.91837655,100% para COPLASA ACUCAR E ALCOOL LTDA - 05.928.246/0001-41 (APE),Planalto
Buriti,UTE.AI.SP.030420-4.1,UTE,Operação,Biomassa,Agroindustriais,Biomassa,Bagaço de Cana de Açúcar,2011-07-10,74250.0,-20.21872716,-47.65387803,100% para BCE - BURITIZAL CENTRAL ENERGETICA S/A - 12.013.570/0001-03 (PIE),Buritizal
Ibéria,UTE.AI.SP.030439-5.1,UTE,Operação,Biomassa,Agroindustriais,Biomassa,Bagaço de Cana de Açúcar,2005-06-13,16520.0,-22.16160967,-50.47443455,100% para IBERIA INDUSTRIAL E COMERCIAL LTDA - EM RECUPERACAO JUDICIAL - 04.839.268/0001-72 (APE),Borá
Viralcool Castilho,UTE.AI.SP.030445-0.1,UTE,Operação,Biomassa,Agroindustriais,Biomassa,Bagaço de Cana de Açúcar,2006-06-26,50000.0,-20.9101542,-51.54405681,100% para VIRALCOOL - ACUCAR E ALCOOL LTDA. - 53.811.006/0001-05 (APE),Castilho
Mogiana Bio-Energia,UTE.AI.SP.030447-6.1,UTE,Operação,Biomassa,Agroindustriais,Biomassa,Bagaço de Cana de Açúcar,2012-03-01,33000.0,-20.47239048,-47.87488284,100% para USINA ALTA MOGIANA S/A-ACUCAR E ALCOOL - 53.009.825/0001-33 (PIE),São Joaquim da Barra
Da Pedra,UTE.AI.SP.030453-0.1,UTE,Operação,Biomassa,Agroindustriais,Biomassa,Bagaço de Cana de Açúcar,2012-05-31,70000.0,-21.17427773,-47.62998516,100% para CESE CENTRAL ENERGETICA SERRANA S/A - 57.306.013/0001-00 (PIE),Serrana
Rosa S.A. Indústria e Comércio de Produtos Agrícolas,UTE.AI.SP.030466-2.1,UTE,Operação,Biomassa,Agroindustriais,Biomassa,Bagaço de Cana de Açúcar,1989-01-01,1280.0,-23.28194389,-47.67147305,100% para Rosa S.A. Indústria e Comércio de Produtos Agrícolas - 45.483.054/0001-93 (REG),Boituva
Ambient,UTE.RU.SP.030472-7.1,UTE,Operação,Biomassa,Resíduos sólidos urbanos,Biogás,Biogás - RU,2011-03-14,1500.0,-21.10476636,-47.81308953,100% para AMBIENT SERVICOS AMBIENTAIS DE RIBEIRAO PRETO S/A - 00.910.456/0001-99 (REG),Ribeirão Preto
Guarani - Andrade,UTE.AI.SP.030538-3.1,UTE,Operação,Biomassa,Agroindustriais,Biomassa,Bagaço de Cana de Açúcar,2009-01-01,14000.0,-21.00234,-48.28531,100% para TEREOS ACUCAR E ENERGIA BRASIL S.A. - 47.080.619/0001-17 (APE),Pitangueiras
Rio Vermelho,UTE.AI.SP.030543-0.1,UTE,Operação,Biomassa,Agroindustriais,Biomassa,Bagaço de Cana de Açúcar,2014-06-12,40000.0,-21.48740967,-51.36043455,100% para Viterra Bioenergia S.A. - 68.316.801/0001-02 (PIE),Junqueirópolis
Paranapanema,UTE.AI.SP.030561-8.1,UTE,Operação,Biomassa,Agroindustriais,Biomassa,Bagaço de Cana de Açúcar,2012-06-16,60000.0,-22.54628744,-51.81886789,100% para UMOE BIOENERGY S.A. - 03.445.208/0004-55 (PIE),Sandovalina
Figueira Indústria e Comércio,UTE.AI.SP.030580-4.1,UTE,Operação,Biomassa,Agroindustriais,Biomassa,Bagaço de Cana de Açúcar,1900-01-03,4400.0,-21.10355006,-50.23016617,100% para ARALCO FIGUEIRA S/A - 08.391.345/0001-25 (REG),Buritama
Fischer,UTE.AI.SP.030603-7.1,UTE,Operação,Biomassa,Agroindustriais,Biomassa,Bagaço de Cana de Açúcar,2010-06-01,5000.0,-22.53129859,-47.38696185,100% para CITROSUCO S/A AGROINDÚSTRIA - 33.010.786/0001-87 (REG),Limeira
Paulicéia,UTE.AI.SP.030683-5.1,UTE,Operação,Biomassa,Agroindustriais,Biomassa,Bagaço de Cana de Açúcar,2013-01-19,33750.0,-21.30927611,-51.84714,100% para USINA CAETE S A - 12.282.034/0001-03 (PIE),Paulicéia
Brotas,UTE.AI.SP.030782-3.1,UTE,Operação,Biomassa,Agroindustriais,Biomassa,Bagaço de Cana de Açúcar,2013-05-04,35000.0,-22.35041833,-48.10598657,"99% para COGERACAO DE ENERGIA ELETRICA RHODIA BROTAS S.A. - 12.244.251/0001-09 (APE), 1% para RHODIA BRASIL S.A. - 57.507.626/0001-06 (APE)",Brotas
Viralcool 2,UTE.AI.SP.030851-0.1,UTE,Operação,Biomassa,Agroindustriais,Biomassa,Bagaço de Cana de Açúcar,2013-03-23,30000.0,-20.93750119,-48.25277659,100% para VIRALCOOL - ACUCAR E ALCOOL LTDA. - 53.811.006/0001-05 (APE),Pitangueiras
Lins,UTE.AI.SP.030890-0.1,UTE,Operação,Biomassa,Agroindustriais,Biomassa,Bagaço de Cana de Açúcar,2007-03-12,16000.0,-21.5997425,-49.54,100% para Lins Agroindustrial S.A. - 35.637.796/0001-72 (PIE),Lins
São Martinho Energia,UTE.AI.SP.030994-0.1,UTE,Operação,Biomassa,Agroindustriais,Biomassa,Bagaço de Cana de Açúcar,2013-05-25,39500.0,-21.31738213,-48.10986231,100% para BIOENERGETICA SAO MARTINHO LTDA - 12.291.462/0001-94 (PIE),Pradópolis
Usalpa,UTE.AI.SP.031065-4.1,UTE,Operação,Biomassa,Agroindustriais,Biomassa,Bagaço de Cana de Açúcar,2002-07-27,3000.0,-21.511276,-51.434012,100% para Alta Paulista Indústria e Comercio Ltda - 04.728.642/0001-62 (REG),Junqueirópolis
Colombo Ariranha 2,UTE.AI.SP.031112-0.1,UTE,Operação,Biomassa,Agroindustriais,Biomassa,Bagaço de Cana de Açúcar,2015-04-30,40000.0,-21.21184299,-48.82803455,100% para COLOMBO BIOENERGIA S.A. UTE 2 - 36.686.315/0001-81 (PIE),Ariranha
Furlan Avaré,UTE.AI.SP.031189-8.1,UTE,Operação,Biomassa,Agroindustriais,Biomassa,Bagaço de Cana de Açúcar,2014-05-22,30000.0,-22.92363213,-48.92925475,100% para Usina Açucareira Furlan S.A. - 56.723.257/0001-26 (PIE),Avaré
Cogeração Bio Springer,UTE.AI.SP.031197-9.1,UTE,Operação,Biomassa,Agroindustriais,Biomassa,Biogás-AGR,2011-06-10,848.0,-23.0209551,-47.02634228,100% para Bio Springer do Brasil Indústria de Alimentos S.A. - 46.845.210/0001-81 (REG),Valinhos
Granol OC,UTE.AI.SP.031300-9.1,UTE,Operação,Biomassa,Agroindustriais,Biomassa,Bagaço de Cana de Açúcar,2014-06-01,7000.0,-21.77737497,-50.88740561,100% para GRANOL AGRICOLA LTDA - 52.387.923/0001-41 (APE),Osvaldo Cruz
Termoverde Caieiras,UTE.RU.SP.031436-6.1,UTE,Operação,Biomassa,Resíduos sólidos urbanos,Biogás,Biogás - RU,2016-07-15,29547.0,-23.33844087,-46.77210274,100% para TERMOVERDE CAIEIRAS LTDA - 10.490.040/0001-12 (PIE),Caieiras
Guatapará,UTE.RU.SP.031440-4.1,UTE,Operação,Biomassa,Resíduos sólidos urbanos,Biogás,Biogás - RU,2014-08-29,5704.0,-21.39215583,-47.95279195,100% para GUATAPARA ENERGIA S.A. - 17.080.857/0001-61 (PIE),Guatapará
Guarani Tanabi 2,UTE.AI.SP.031445-5.1,UTE,Operação,Biomassa,Agroindustriais,Biomassa,Bagaço de Cana de Açúcar,2015-07-22,34000.0,-20.48622531,-49.53904795,100% para TEREOS ACUCAR E ENERGIA BRASIL S.A. - 47.080.619/0001-17 (PIE),Tanabi
Continental,UTE.AI.SP.031446-3.1,UTE,Operação,Biomassa,Agroindustriais,Biomassa,Bagaço de Cana de Açúcar,2006-10-23,8000.0,-20.22999598,-48.62444503,100% para RAIZEN MICHELIN AGROINDUSTRIAL LTDA - 62.359.529/0001-53 (PIE),Colômbia
Bandeirantes,UTE.RU.SP.031732-2.1,UTE,Operação,Biomassa,Resíduos sólidos urbanos,Biogás,Biogás - RU,2014-11-03,4624.0,-23.41978048,-46.75582363,100% para BIOGAS ENERGIA AMBIENTAL S.A - 04.131.501/0001-68 (REG),São Paulo
Santa Cândida II,UTE.AI.SP.031739-0.2,UTE,Operação,Biomassa,Agroindustriais,Biomassa,Bagaço de Cana de Açúcar,2016-12-17,55000.0,-22.10472206,-48.48137753,100% para RAIZEN ENERGIA S.A - 08.070.508/0001-78 (PIE),Bocaina
Rio Vermelho 2,UTE.AI.SP.031793-4.1,UTE,Operação,Biomassa,Agroindustriais,Biomassa,Bagaço de Cana de Açúcar,2014-12-16,40000.0,-21.35236942,-51.35639419,100% para Viterra Bioenergia S.A. - 68.316.801/0001-02 (PIE),Junqueirópolis
São Martinho Bioenergia,UTE.AI.SP.032371-3.1,UTE,Operação,Biomassa,Agroindustriais,Biomassa,Bagaço de Cana de Açúcar,2024-04-12,40000.0,-21.32324401,-48.12134872,100% para BIOENERGIA SÃO MARTINHO LTDA - 36.044.373/0001-01 (PIE),Pradópolis
N O Bioenergia,UTE.AI.SP.032525-2.1,UTE,Operação,Biomassa,Agroindustriais,Biomassa,Bagaço de Cana de Açúcar,2016-07-09,28000.0,-22.33668499,-47.40838559,100% para J O Bioenergia S.A. - 15.869.520/0001-02 (PIE),Araras
AREVALE,UTE.AI.SP.032860-0.1,UTE,Operação,Biomassa,Agroindustriais,Biomassa,Casca de Arroz,2014-11-27,2000.0,-22.89160244,-45.33693736,100% para AREVALE INDUSTRIA E COMERCIO DE ARTEFATOS DE CONCRETO LTDA - 08.686.911/0002-07 (REG),Roseira
Guarani Cruz Alta 2,UTE.AI.SP.033380-8.1,UTE,Operação,Biomassa,Agroindustriais,Biomassa,Bagaço de Cana de Açúcar,2019-11-21,25000.0,-20.68855889,-49.11047972,100% para TEREOS ACUCAR E ENERGIA BRASIL S.A. - 47.080.619/0001-17 (PIE),Olímpia
Brotas II,UTE.AI.SP.034649-7.1,UTE,Operação,Biomassa,Agroindustriais,Biomassa,Bagaço de Cana de Açúcar,2016-03-30,35000.0,-22.35041833,-48.10598657,"99% para RHODIA BRASIL S.A. - 57.507.626/0001-06 (APE), 1% para COGERACAO DE ENERGIA ELETRICA RHODIA BROTAS S.A. - 12.244.251/0001-09 (APE)",Brotas
Vale do Paraná,UTE.AI.SP.035073-7.1,UTE,Operação,Biomassa,Agroindustriais,Biomassa,Bagaço de Cana de Açúcar,2020-12-25,48500.0,-20.40611111,-51.02916667,100% para UTE VALE DO PARANÁ ALBIOMA S/A - 31.149.697/0001-90 (PIE),Suzanápolis
Rio Vermelho 3,UTE.AI.SP.035093-1.1,UTE,Operação,Biomassa,Agroindustriais,Biomassa,Bagaço de Cana de Açúcar,2021-05-05,20000.0,-21.33969444,-51.36586111,100% para Viterra Bioenergia S.A. - 68.316.801/0001-02 (PIE),Junqueirópolis
ATENA,UTE.AI.SP.035104-0.1,UTE,Operação,Biomassa,Agroindustriais,Biomassa,Bagaço de Cana de Açúcar,1995-08-10,2800.0,-22.15060876,-51.0286572,Não Informado,Martinópolis
Biogás Bonfim,UTE.AI.SP.035109-1.1,UTE,Operação,Biomassa,Agroindustriais,Biomassa,Biogás-AGR,2020-08-12,20893.0,-21.41896695,-48.29249667,100% para RAÍZEN BIOGÁS LTDA - 25.201.024/0001-30 (PIE),Guariba
Lanxess Cogeração,UTE.FL.SP.035461-9.1,UTE,Operação,Biomassa,Floresta,Biomassa,Resíduos Florestais,2010-03-10,4500.0,-23.21211665,-47.57551421,100% para LANXESS - INDUSTRIA DE PRODUTOS QUIMICOS E PLASTICOS LTDA. - 06.176.436/0001-12 (REG),Porto Feliz
Da Mata 2,UTE.AI.SP.035773-1.1,UTE,Operação,Biomassa,Agroindustriais,Biomassa,Bagaço de Cana de Açúcar,2009-09-24,70000.0,-21.05069444,-50.84391664,100% para DA MATA S.A. - ACUCAR E ALCOOL - 08.110.543/0001-73 (PIE),Valparaíso
Citrus,UTE.FL.SP.035850-9.1,UTE,Operação,Biomassa,Floresta,Biomassa,Lenha,2016-06-30,3150.0,-21.30539781,-49.04313591,100% para CITRUS JUICE EIRELI - 11.186.770/0001-97 (REG),Itajobi
BVE (Antiga Ceni),UTE.AI.SP.037341-9.1,UTE,Operação,Biomassa,Agroindustriais,Biomassa,Bagaço de Cana de Açúcar,2018-04-07,30000.0,-21.09911365,-51.4082119,100% para BVE - BELA VISTA ENERGETICA S/A - 29.294.622/0001-51 (PIE),Nova Independência
USITRAR ECO-ENERGY CABREUVA,UTE.RU.SP.037363-0.1,UTE,Operação,Biomassa,Resíduos sólidos urbanos,Biogás,Carvão - RU,2016-02-20,2700.0,-23.25182017,-47.09190811,100% para ECO Business Indústria Comércio e Serviços LTDA. - 18.921.789/0001-89 (REG),Cabreúva
São José 2 (Antiga Planalto Bioenergia),UTE.AI.SP.037515-2.1,UTE,Operação,Biomassa,Agroindustriais,Biomassa,Bagaço de Cana de Açúcar,2023-04-05,50000.0,-22.49168611,-48.78368056,100% para ACUCAREIRA QUATA S/A - 60.855.574/0001-73 (PIE),Macatuba
Tremembé,UTE.RU.SP.040200-1.1,UTE,Operação,Biomassa,Resíduos sólidos urbanos,Biogás,Biogás - RU,2018-05-15,4278.0,-22.91541667,-45.61358056,100% para SPE TREMEMBÉ ENERGIA LTDA - 17.692.893/0001-86 (REG),Tremembé
Viralcool Castilho 2,UTE.AI.SP.040784-4.1,UTE,Operação,Biomassa,Agroindustriais,Biomassa,Bagaço de Cana de Açúcar,2022-12-07,25000.0,-21.08930556,-51.58386111,100% para VIRALCOOL - ACUCAR E ALCOOL LTDA. - 53.811.006/0001-05 (APE),Castilho
Bioenergia Mococa,UTE.AI.SP.040824-7.1,UTE,Operação,Biomassa,Agroindustriais,Biomassa,Bagaço de Cana de Açúcar,2020-05-15,45000.0,-21.34320209,-47.15591937,100% para IPIRANGA BIOENERGIA MOCOCA S.A. - 31.109.398/0001-22 (PIE),Mococa
Bracell,UTE.FL.SP.043249-0.1,UTE,Operação,Biomassa,Floresta,Biomassa,Licor Negro,2021-12-31,409307.0,-22.54138888,-48.815,100% para BRACELL SP CELULOSE LTDA - 53.943.098/0001-87 (PIE),Lençóis Paulista
Cdr Pedreira I,UTE.RU.SP.048863-1.1,UTE,Operação,Biomassa,Resíduos sólidos urbanos,Biogás,Resíduos Sólidos Urbanos - RU,2021-03-04,3120.0,-23.40694444,-46.5625,100% para VEOLIA ENERGIA LTDA. - 02.740.510/0001-20 (REG),"Guarulhos, São Paulo"
Central Energética Alta Mogiana,UTE.AI.SP.049301-5.1,UTE,Operação,Biomassa,Agroindustriais,Biomassa,Bagaço de Cana de Açúcar,2021-08-12,50000.0,-20.47805556,-47.88305556,100% para CENTRAL ENERGETICA ALTA MOGIANA S.A - 36.328.479/0001-37 (PIE),São Joaquim da Barra
Veolia Iperó,UTE.RU.SP.049624-3.1,UTE,Operação,Biomassa,Resíduos sólidos urbanos,Biogás,Resíduos Sólidos Urbanos - RU,2021-03-05,4680.0,-23.42916667,-47.54888888,100% para VEOLIA ENERGIA LTDA. - 02.740.510/0001-20 (REG),Iperó
Barra Grande 2,UTE.AI.SP.051532-9.1,UTE,Operação,Biomassa,Agroindustriais,Biomassa,Bagaço de Cana de Açúcar,2024-04-18,80000.0,-22.62908333,-48.802139,100% para ACUCAREIRA QUATA S/A - 60.855.574/0001-73 (PIE),Lençóis Paulista
Valorgas Catanduva,UTE.RU.SP.054854-5.1,UTE,Operação,Biomassa,Resíduos sólidos urbanos,Biogás,Biogás - RU,2021-09-01,2852.0,-21.1265,-48.933611,100% para Valorgas Energia Catanduva SPE LTDA - 35.087.145/0001-56 (REG),Catanduva
IPIRANGA BIOENERGIA MOCOCA II,UTE.AI.SP.061587-0.1,UTE,Operação,Biomassa,Agroindustriais,Biomassa,Bagaço de Cana de Açúcar,2025-10-01,25000.0,-21.34320209,-47.15591937,100% para IPIRANGA BIOENERGIA MOCOCA II S/A - 44.102.764/0001-63 (PIE),Mococa
Tate & Lyle,UTE.FL.SP.072717-2.1,UTE,Operação,Biomassa,Floresta,Biomassa,Resíduos Florestais,2022-03-31,3160.0,-21.43867778,-47.3492025,100% para PRIMARY PRODUCTS INGREDIENTS BRASIL S A - 42.361.873/0001-70 (REG),Santa Rosa de Viterbo
São Luiz II,UTE.AI.SP.073228-1.1,UTE,Operação,Biomassa,Agroindustriais,Biomassa,Bagaço de Cana de Açúcar,2024-10-12,36000.0,-22.94083333,-49.77,100% para CENTRAL ENERGETICA SAO LUIZ LTDA - 45.728.543/0001-68 (PIE),Não Informado
Soft Pig 01,UTE.RA.SP.073631-7.1,UTE,Operação,Biomassa,Resíduos animais,Biogás,Biogás - RA,2023-11-01,320.0,-22.20277778,-47.4525,100% para Frigorífico Santa Rosa de Leme Ltda - 02.021.672/0001-09 (REG),Leme
G2 NRD,UTE.AI.SP.074707-6.1,UTE,Operação,Biomassa,Agroindustriais,Biomassa,Bagaço de Cana de Açúcar,2026-04-03,40000.0,-22.53119088,-51.50387929,100% para USINA TERMELETRICA G2 NRD LTDA - 52.800.031/0001-20 (PIE),Narandiba
